appid,name,release_date,price,genres,type,timestamp
764580,RealmCraft,"19 Feb, 2018",3300.0,"Adventure, Casual, Simulation, Strategy",game,games_1000
2618730,Monster Lover 1 Soundtrack,"10 Jul, 2024",2000.0,,music,games_1000
3247510,NanoCatastrophe,To be announced,,"Action, Adventure, Indie, RPG",game,games_1000
2302120,Infinitum: The Backrooms Story,Q4 2025,,"Action, Adventure, Indie, Simulation, Free To Play, Early Access",game,games_1000
297140,ComiPo!: Office Wear,"16 Sep, 2014",12500.0,"Animation & Modeling, Design & Illustration, Web Publishing",dlc,games_1000
2199980,Alpha Terminus,Coming soon,,"Action, Casual, Indie, Simulation",game,games_1000
2821070,Ghoul Fort Demo,"10 Jun, 2024",,,demo,games_1000
3452330,DREAD FLATS Demo,"24 Feb, 2025",,Indie,demo,games_1000
2331950,WebCum Empire Tycoon üì∑ üí¶,"22 Apr, 2023",974.0,"Casual, Simulation, Strategy",game,games_1000
3969190,PomoTrain: Rabbit Town,To be announced,,"Casual, Indie",game,games_1000
2227240,Grassassins,Coming soon,,"Action, Casual, Indie",game,games_1000
1853410,The Shape of Things,"26 May, 2023",3800.0,"Casual, Indie",game,games_1000
284930,Speed Kills,"16 May, 2014",2000.0,"Action, Indie, Racing",game,games_1000
323060,Tharsis,"11 Jan, 2016",9900.0,"Casual, Indie, RPG, Strategy",game,games_1000
992490,iVRy Driver for SteamVR,"24 Jan, 2019",,Utilities,game,games_1000
2680440,MONOWAVE,2025,,"Action, Adventure, Indie",game,games_1000
615530,"Love, Money, Rock'n'Roll","4 Aug, 2022",6600.0,"Adventure, Casual, Indie",game,games_1000
3995200,Why's It Getting DARKER?! Demo,"7 Sep, 2025",,,demo,games_1000
824760,Deathtrap Dungeon Trilogy,"11 Jul, 2018",1840.0,"Adventure, Indie, RPG",game,games_1000
939870,BlackberryNOVA,"19 Aug, 2021",4600.0,"Casual, Indie, Simulation",game,games_1000
2733690,Grub Truck,"24 Jun, 2024",8900.0,"Casual, Indie, RPG, Simulation",game,games_1000
966522,Groove Coaster - Kyouen,"24 Dec, 2018",1300.0,Action,dlc,games_1000
3644370,Lust Knight Lisa Alternate Costume - Sexy Cure,"14 Apr, 2025",2000.0,RPG,dlc,games_1000
1453583,Ambient Channels: Dreamscapes - Graveyard,"24 Oct, 2020",,"Casual, Simulation",dlc,games_1000
2859820,Nora: In Search of Hidden Ingredients,"15 May, 2025",5200.0,Casual,game,games_1000
1624820,Tire Friend Playtest,"8 Feb, 2024",,,game,games_1000
536571,FSX Steam Edition: Toposim West Africa Add-On,"11 Jan, 2017",9900.0,Simulation,dlc,games_1000
583850,Punch! Home & Landscape Design Essentials v19,"20 Mar, 2017",30800.0,Design & Illustration,game,games_1000
2918170,Dark Age Legends Playtest,"5 Jul, 2024",,,game,games_1000
1450030,Ëà∞Èòü‰ΩøÂëΩ Â§ßÊµ∑Êàò2 Soundtrack,"17 Oct, 2020",,,music,games_1000
1417260,DCS: A-10C II Tank Killer,"30 Sep, 2020",62578.0,Simulation,dlc,games_1000
2247600,"""Jessica's Life: The Beginning"" 4K Images Pack","20 Dec, 2022",,"Casual, Indie",dlc,games_1000
2658740,Island of Mine,Coming soon,,"Adventure, Casual, Indie, Early Access",game,games_1000
1095760,Â§ßÂ∑´ Great Witcher,Coming soon,,"Adventure, Indie, RPG, Strategy",game,games_1000
3162190,Automated & Self Sustained,Coming soon,,Action,game,games_1000
2143170,Derp Souls,"3 Oct, 2022",,"Action, Adventure, Free To Play",game,games_1000
1227457,RetroArch - FreeIntv,"14 Jun, 2022",,Free To Play,dlc,games_1000
2174220,DoTeam,"11 Jan, 2023",1300.0,"Adventure, Casual, Indie, Simulation",game,games_1000
1399010,Fantasy Grounds - Black Scrolls Desert Canyons (Map Tile Pack),"18 Sep, 2020",5200.0,"Indie, RPG, Strategy",dlc,games_1000
1947690,B.I.N.D.,"18 Aug, 2022",11800.0,"Adventure, Casual",game,games_1000
3468680,Farmer's  Defence 2 Demo,"10 Feb, 2025",,,demo,games_1000
2244340,The Feast - Chef's Special - Digital Goods Pack,"16 Dec, 2022",1300.0,"Adventure, Casual, Free To Play, Indie, Simulation",dlc,games_1000
3691170,Trial Takedown,Coming soon,,"Action, Indie",game,games_1000
2095300,Breakout 13,"8 Jan, 2023",4600.0,"Adventure, Indie, RPG",game,games_1000
1397390,The Break-In,"29 May, 2025",12500.0,"Action, Indie, Simulation",game,games_1000
341190,Hotline Miami 2: Wrong Number Digital Comic,"17 Feb, 2015",,,game,games_1000
3682450,Nina,"19 Jun, 2025",3300.0,Casual,game,games_1000
370520,Quantum Rush Champions Demo,"15 May, 2015",,"Action, Casual, Indie, Racing, Simulation, Sports",demo,games_1000
2132290,30 minutes to die Demo,"26 Aug, 2022",,,demo,games_1000
1831320,Rescue Team: Power Eaters,"22 Dec, 2021",3800.0,"Adventure, Casual, Indie, Strategy",game,games_1000
2181271,Animalia Haloween Dead,"17 Oct, 2022",7200.0,"Action, Adventure, Indie, Massively Multiplayer, Simulation, Strategy",dlc,games_1000
3932600,Taina's Cursed Legacy: Chapter II,"27 Aug, 2025",5200.0,"Adventure, Indie, RPG",dlc,games_1000
1382700,GRIP: Combat Racing - Fade Garage Kit,"25 Sep, 2020",540.0,"Action, Indie, Racing",dlc,games_1000
3690300,Blobbert and Tutorialbert Demo,"25 Apr, 2025",,,demo,games_1000
2574160,RPG Maker MV - Classic Fantasy Music Pack Vol 3,"7 Sep, 2023",8300.0,"RPG, Design & Illustration, Education, Web Publishing, Game Development",dlc,games_1000
2884540,The Way of Cooking,"11 Jun, 2024",5200.0,"Action, Adventure, Casual, Indie",game,games_1000
392430,MotoGP‚Ñ¢15 GP de Portugal Circuito Estoril,"4 Dec, 2015",3300.0,"Racing, Simulation, Sports",dlc,games_1000
222551,Train Simulator: Southern Pacific SD45 Loco Add-On,"14 Feb, 2013",5900.0,Simulation,dlc,games_1000
1269670,Quench Demo,"18 Mar, 2020",,"Casual, Indie, Simulation, Strategy",demo,games_1000
2740260,Stickin' the Landing,"24 Oct, 2024",5200.0,Casual,game,games_1000
3749550,JDM: Japanese Drift Master - Supporter Pack,"21 May, 2025",3300.0,"Racing, Simulation, Sports",dlc,games_1000
3398140,Supermarket Simulator Pro,"3 Mar, 2025",4699.0,"Casual, Indie, Simulation, Early Access",game,games_1000
1348220,Colorize,"3 Jul, 2020",1300.0,"Adventure, Casual, Indie",game,games_1000
3241850,eWorlds - Supporter Pack,"31 Oct, 2024",3900.0,"Action, Adventure, Casual, Indie, Massively Multiplayer, Free To Play",dlc,games_1000
1266540,Ships At Sea,"23 May, 2024",15600.0,"Simulation, Early Access",game,games_1000
3238240,Scaravan 66,Coming soon,,"Action, Indie, Early Access",game,games_1000
792470,WW‚Ö°Ëã±ÈõÑÂàó‰ºù Ê≥•„ÅÆ‰∏≠„ÅÆËôé„ÄÄ„Ç™„ÉÉ„Éà„Éº„Éª„Ç´„É™„Ç¶„Çπ,"8 Feb, 2018",8200.0,"Indie, Strategy",game,games_1000
2861020,Frog Corner,"4 Nov, 2024",2000.0,"Action, Indie",game,games_1000
3897080,Dimenshot,Coming soon,,"Action, Adventure, Indie",game,games_1000
99900,Spiral Knights,"14 Jun, 2011",,"Action, Adventure, Casual, Free To Play, Indie, Massively Multiplayer, RPG",game,games_1000
3448320,Altar,"27 Feb, 2025",700.0,"Action, Casual, Indie, Simulation",game,games_1000
258010,Ring Runner: Flight of the Sages,"19 Nov, 2013",3900.0,"Action, Indie, RPG",game,games_1000
3087650,A Shelter Full of Cats,"9 Dec, 2024",2640.0,"Casual, Indie",game,games_1000
3019070,On Your Hands Soundtrack,"21 Aug, 2024",3300.0,,music,games_1000
1359170,Killer Dog,"16 Jul, 2020",2300.0,"Action, Indie",game,games_1000
1952644,Jigsaw Puzzle Pack - Pixel Puzzles Ultimate: Mini Beasts,"25 Apr, 2024",6600.0,"Casual, Indie, Simulation, Sports, Strategy, Free To Play",dlc,games_1000
3508610,Hidden Arcade Soundtrack,"9 Feb, 2025",700.0,,music,games_1000
3654990,Infra Et Intus,Coming soon,,"Adventure, RPG",game,games_1000
771690,Fimbul,"28 Feb, 2019",5200.0,"Action, Adventure, Indie",game,games_1000
3399950,Your Mother,"28 Feb, 2025",640.0,"Casual, Indie",game,games_1000
1300370,KABOOM - 1 vs 1 Battle,Coming soon,,"Action, Casual, Indie, Strategy",game,games_1000
3462090,Little Green Girl: Audio Drama #1,"11 Feb, 2025",3300.0,,music,games_1000
2128140,Deer Hunting - The Season,"7 Oct, 2022",5200.0,"Simulation, Sports",game,games_1000
3739300,Cat Squeeze,2025,,"Adventure, Casual, Indie, Strategy",game,games_1000
1966930,Ballistic Zen,"25 Jan, 2023",6600.0,Indie,game,games_1000
3905590,Chill Fox,Q3 2025,,"Action, Indie, Simulation, Strategy",game,games_1000
769030,Twine3D,"26 Dec, 2017",350.0,Casual,game,games_1000
3956440,Individual Investor Tycoon 2,Coming soon,,"Casual, Indie, Simulation, Strategy",game,games_1000
2427210,Cat's Request Demo,"19 May, 2023",,,demo,games_1000
2137910,Call of Duty¬Æ: Modern Warfare¬Æ II - Urban Veteran: Pro Pack,"23 Feb, 2023",15500.0,Action,dlc,games_1000
344530,TinyKeep Original Soundtrack,"26 Mar, 2015",2800.0,"Action, Adventure, Indie, RPG",dlc,games_1000
1468980,ALIEN ANIMALS Demo,"6 Dec, 2021",,,demo,games_1000
1289453,TEKKEN 7 - DLC18: Lidia Sobieska,"23 Mar, 2021",4900.0,"Action, Sports",dlc,games_1000
3431910,Sympathy for the Wicked: Hindsight,Coming soon,,"Casual, Indie",game,games_1000
737930,Online Circle Pong,"11 Jan, 2018",600.0,"Casual, Indie, Massively Multiplayer",game,games_1000
2832510,Esteem - The little wolf saga,"6 Mar, 2025",6600.0,"Action, Adventure, Indie, RPG, Strategy, Early Access",game,games_1000
1746780,Savior of Light,"15 Oct, 2021",,"Adventure, Free To Play, Indie, RPG",game,games_1000
345620,The Labyrinth of Grisaia,"22 Jun, 2016",17800.0,"Adventure, Casual",game,games_1000
2390240,Sweet Science ‚Äì The Girls of Silversee Castle Demo,Coming soon,,,demo,games_1000
1027570,The Deep Deep,To be announced,,"Action, Adventure, Indie, Strategy",game,games_1000
2666550,Dead Season,"8 Oct, 2024",7500.0,"Indie, Strategy",game,games_1000
2070540,Shogunaria,"3 Oct, 2022",3800.0,"Action, Adventure, Indie, RPG",game,games_1000
1754150,Car Tuning Simulator,"29 Oct, 2021",350.0,"Action, Adventure, Casual, Indie, Racing, Simulation, Sports",game,games_1000
992120,Inch by Inch,"31 Dec, 2018",1800.0,"Action, Casual, Indie",game,games_1000
1887840,Another Crab's Treasure,"25 Apr, 2024",17900.0,"Action, Adventure, Indie",game,games_1000
2408520,RPG Maker MZ - Rogue Adventure - Graveyard Tileset,"4 May, 2023",8300.0,"RPG, Design & Illustration, Education, Web Publishing, Game Development",dlc,games_1000
1259990,Super Dee,"23 Mar, 2020",700.0,"Adventure, Casual, Indie",game,games_1000
2313670,Drake's Dungeon,"15 Jan, 2024",21800.0,"Action, Indie",game,games_1000
1212180,Ravesta Racing,Coming soon,,"Action, Adventure, Casual, Indie, Massively Multiplayer, Racing, Simulation, Sports, Strategy, Early Access",game,games_1000
2287260,RPG Stories Demo,"6 Feb, 2023",,,demo,games_1000
2531560,Project Arcade,"21 Dec, 2023",700.0,"Casual, Indie, Strategy, Early Access",game,games_1000
1795940,Blaston Soundtrack Vol. 1,"29 Oct, 2021",,,music,games_1000
1381670,Into The Flames - Supporter Pack,"10 Jan, 2023",2000.0,"Action, Casual, Indie, Simulation",dlc,games_1000
3262260,Fighting Monsters In West Province,"29 Oct, 2024",,"Action, Adventure, Indie, RPG, Free To Play",game,games_1000
2838250,"Beat Saber - Daft Punk - ""Da Funk / Daftendirekt""","7 Mar, 2024",1300.0,Indie,dlc,games_1000
2208920,Assassin's Creed Valhalla,"6 Dec, 2022",12380000.0,"Action, Adventure, RPG",game,games_1000
1163300,visser,"17 Jan, 2020",1800.0,Indie,game,games_1000
2202830,Fantasy Grounds - Pathfinder RPG - Pathfinder Flip-Mat - Carnival,"8 Nov, 2022",9500.0,"Indie, RPG, Strategy",dlc,games_1000
2269770,CallOfTree,"25 Jan, 2023",6600.0,"Action, Early Access",game,games_1000
506510,Shadows of Adam,"23 Feb, 2017",7600.0,"Indie, RPG",game,games_1000
2804680,Only Way is Down,"31 Mar, 2025",6600.0,"Action, Adventure, Casual, Indie, Simulation",game,games_1000
2147540,Spell Defender Demo,"21 Sep, 2022",,,demo,games_1000
3497490,Spooky Night Demo,"22 Feb, 2025",,,demo,games_1000
1720520,Flail Faster,Coming soon,,"Action, Indie, Strategy",game,games_1000
2850520,KanjiMemory,"28 Mar, 2024",2600.0,"Casual, Indie",game,games_1000
1665590,Blood Nor Water,"27 Mar, 2024",12500.0,"Indie, RPG, Strategy, Early Access",game,games_1000
1731200,TRATRITLE,"15 Jul, 2022",7500.0,"Adventure, Indie, RPG, Simulation",game,games_1000
3034000,DREAMOUT Demo,"7 Jun, 2024",,,demo,games_1000
3155810,„Éõ„É≠„Éù„ÉÉ„Éó,"4 Sep, 2024",2600.0,"Action, Casual, Indie",game,games_1000
612570,Fort Triumph,"16 Apr, 2020",8900.0,"Indie, Strategy",game,games_1000
3540290,Monmusu Paradise ~Visitors~ Demo,"19 May, 2025",,"Action, Casual, RPG, Simulation",demo,games_1000
3034130,Love is...,"26 Aug, 2024",3960.0,"Casual, Indie",game,games_1000
1706800,The Art Of Flight,"7 Apr, 2025",6600.0,"Action, Indie",game,games_1000
2174170,VInput,"23 Nov, 2022",2000.0,"Animation & Modeling, Utilities",game,games_1000
1205640,BREAK THROUGH,"31 Mar, 2024",1300.0,Action,game,games_1000
2744450,A Weekend Trip,"30 Apr, 2025",3300.0,"Adventure, Casual, Indie",game,games_1000
3466410,Hero's Odyssey: Summoned into Ancient Greece with a Quest I Didn't Ask For! Demo,"9 Feb, 2025",,"Adventure, Casual, Indie",demo,games_1000
690980,TO4: Tactical Operations,"11 Jun, 2020",,"Action, Indie, Free To Play, Early Access",game,games_1000
2484590,Ceiba Demo,"21 Jun, 2023",,,demo,games_1000
400950,McDROID - The Swan Song DLC,"16 Oct, 2017",2800.0,"Action, Indie, Strategy",dlc,games_1000
1629220,Escape From Ruby Castle,"3 Jun, 2021",1800.0,"Adventure, Indie",game,games_1000
1939832,Beat Saber - Fall Out Boy - 'I Don‚Äôt Care',"31 Mar, 2022",1300.0,Indie,dlc,games_1000
1508300,OMORI Soundtrack,"6 Feb, 2021",6600.0,,music,games_1000
3251630,UpRunner Demo,"10 Oct, 2024",,"Action, Casual, Indie, Massively Multiplayer, Racing",demo,games_1000
1195050,SWEET MILF -Episode„ÄÄSizue-,"23 Apr, 2020",4500.0,Adventure,dlc,games_1000
2966400,Silverpine Creek,"25 Mar, 2025",4600.0,"Action, Simulation",game,games_1000
869480,Jabroni Brawl: Episode 3,"11 Nov, 2022",,"Action, Indie, Free To Play",mod,games_1000
2328080,V-Hunter Puzzler Dx Demo,"6 Mar, 2023",,,demo,games_1000
1704408,Tiger Fighter 1931 Sunset MP079,"11 Sep, 2021",2000.0,"Action, Casual, Indie",dlc,games_1000
3708970,Totally Reliable Delivery Service - Mascot Mayhem,Coming soon,,"Action, Adventure, Casual, Indie, Racing, Simulation",dlc,games_1000
1155830,CHERNOBYL: The Untold Story,"24 Sep, 2019",1800.0,Indie,game,games_1000
914750,Bee Simulator,"17 Nov, 2020",10900.0,"Adventure, Casual, Simulation",game,games_1000
3190240,VocabVan - Punjabi,Coming soon,,"Casual, Free To Play",dlc,games_1000
1249150,Daedaluz,"12 Jul, 2020",,"Adventure, Indie",game,games_1000
2777220,Human Fall Flat VR,"31 Oct, 2024",8500.0,"Action, Adventure, Casual, Indie, Simulation",game,games_1000
42904,Hearts of Iron III: Mega German Spritepack,"23 Aug, 2011",800.0,Strategy,dlc,games_1000
1749090,Early Quest 2,"24 Oct, 2021",2800.0,"Action, Adventure, RPG, Early Access",game,games_1000
3499300,Somnicore,2025,,"Action, Adventure",game,games_1000
3514160,NieR Gestalt & Replicant 15 Nightmares & Arrange Tracks,"13 Mar, 2025",5800.0,,music,games_1000
1688250,PRINCESS IN AIRINESS,"26 Jul, 2021",2300.0,"Action, Indie",game,games_1000
2293440,Retropolis 2: Never Say Goodbye,"18 Jan, 2024",15600.0,Adventure,game,games_1000
3610290,Wish Me Well Playtest,"26 Aug, 2025",,,game,games_1000
1419190,Way Walkers: University,"22 Oct, 2020",3900.0,"Casual, Indie, RPG",game,games_1000
1173030,Love Esquire - Original Soundtrack,"10 Oct, 2019",5200.0,"Indie, RPG, Simulation",music,games_1000
1835290,CRATES N' MOHAWKS,"3 Jan, 2022",700.0,Action,game,games_1000
1967630,Survival: Fountain of Youth,"21 May, 2024",16800.0,"Action, Adventure, Indie, Simulation",game,games_1000
3635260,ÔªøThe Desert Armor Set,"27 Jun, 2025",5800.0,"Action, Adventure, Indie, RPG, Simulation, Strategy",dlc,games_1000
3780300,Everlusting Life - Mascot Alvira,"20 Jun, 2025",30800.0,"Action, Adventure, Massively Multiplayer, RPG, Strategy, Free To Play",dlc,games_1000
829460,ZYTERNION Original Soundtrack,"14 May, 2019",600.0,"Action, Casual, Indie",dlc,games_1000
1865750,Faye Falling,"19 Jul, 2024",5200.0,"Adventure, Indie, RPG",game,games_1000
888452,Talk in der Alm: #02.4 Was ist eigentlich Indie?,"26 Jun, 2018",,,episode,games_1000
2587450,Tank Team,"11 Apr, 2024",,"Action, Casual, Indie, Free To Play",game,games_1000
3061650,Frogs,"31 Aug, 2024",,"Casual, Indie, Simulation, Free To Play",game,games_1000
969653,RPG Maker MV - Sinister Hollows,"1 Nov, 2018",12500.0,"Design & Illustration, Web Publishing",dlc,games_1000
2946140,Windpunk,To be announced,,"Action, Adventure, Casual, Indie, RPG",game,games_1000
683930,A Wonder,"13 Nov, 2017",,"Adventure, Casual, Indie, Free To Play",game,games_1000
689040,Scuttlers,"3 Sep, 2018",3900.0,"Action, Casual, Indie, Racing",game,games_1000
1342240,GUNBARICH,"10 Feb, 2021",5200.0,Action,game,games_1000
2326410,One Flag: A 2D Puzzle-Platformer,"28 Apr, 2023",1300.0,"Casual, Indie",game,games_1000
1265820,Fights in Tight Spaces,"2 Dec, 2021",2180.0,"Action, Strategy",game,games_1000
523080,Gamepad Controller Template,"1 Sep, 2016",4800.0,"Action, Casual, Indie, Sports, Early Access",game,games_1000
2025581,The Legend of Heroes: Kuro no Kiseki - Shining Pom Fruit Value Pack (3),"27 Jul, 2022",3900.0,RPG,dlc,games_1000
2519850,Pigsaw,"1 Aug, 2023",3300.0,Action,game,games_1000
1264530,Jay and Silent Bob: Mall Brawl Demo,"20 Apr, 2020",,"Action, Adventure, Indie",demo,games_1000
2163013,Otherworld Legends - Skin : Jungle Adventurer,"19 Oct, 2022",2700.0,"Action, Indie, RPG",dlc,games_1000
440630,The Brookhaven Experiment,"5 Jul, 2016",11900.0,"Action, Indie",game,games_1000
3834120,Lucid Clowder ( Early Access ),"14 Aug, 2025",,"Action, Indie, Free To Play, Early Access",game,games_1000
237630,DuckTales: Remastered,"13 Aug, 2013",10800.0,"Action, Adventure, Casual",game,games_1000
2350470,Kriegsfront Tactics Demo,"23 Mar, 2023",,,demo,games_1000
2129330,Godstone Demo,"7 Sep, 2022",,,demo,games_1000
2090252,RPG Maker MV - Japanese School Girls - The Music of Their Stories,"21 Jul, 2022",18700.0,"Design & Illustration, Web Publishing",dlc,games_1000
1017230,Trainz 2019 DLC: C&O Hinton Division,"13 Mar, 2019",12500.0,Simulation,dlc,games_1000
1660390,"THE LEGEND OF HEROES: HAJIMARI NO KISEKI - Nadia's Special Costume ""Sweet Devil Summer""","25 Aug, 2021",2200.0,RPG,dlc,games_1000
345350,LIGHTNING RETURNS‚Ñ¢: FINAL FANTASY¬Æ XIII,"10 Dec, 2015",11900.0,RPG,game,games_1000
3542710,Campus Bonds - Season 1,To be announced,,"Casual, Indie",game,games_1000
1327100,Squaxel,"19 Sep, 2020",600.0,"Adventure, Indie",game,games_1000
2073910,A Webbing Journey,"19 May, 2025",5200.0,"Adventure, Indie, Simulation, Early Access",game,games_1000
1770110,Druid: Test of faith Demo,"13 Dec, 2021",,,demo,games_1000
539250,Retro Parking Demo,"20 Dec, 2016",,"Racing, Simulation, Strategy",demo,games_1000
652270,Dark and Bright,"29 Nov, 2017",2300.0,"Indie, RPG",game,games_1000
1861120,Line Time,"11 Sep, 2024",2500.0,"Casual, Indie, Simulation, Strategy",game,games_1000
3124810,Guess the Flag!,"25 Oct, 2024",2600.0,"Action, Casual, Indie, Simulation, Strategy",game,games_1000
229750,RPG Maker VX Ace - Futuristic Tiles Resource Pack,"5 Mar, 2013",12500.0,,dlc,games_1000
513095,TS Marketplace: DRG BR 86 Grey Livery Pack Add-On,"8 Mar, 2017",3900.0,Simulation,dlc,games_1000
3051630,Young Detectives: Undersea,"26 Jul, 2024",990.0,"Casual, Indie, Simulation",game,games_1000
247350,Artemis Spaceship Bridge Simulator,"16 Sep, 2013",4600.0,"Action, Indie, Simulation",game,games_1000
757480,Broken Reality,"29 Nov, 2018",7600.0,"Adventure, Indie",game,games_1000
304000,theHunter: Wayfarer Starter Pack,"24 Oct, 2014",,"Action, Adventure, Free To Play, Simulation, Sports",dlc,games_1000
586240,Soul Searching,"15 Feb, 2017",6600.0,Indie,game,games_1000
3699610,Singularity RPG,"4 Jan, 2027",,RPG,game,games_1000
1764390,BAD END THEATER,"26 Oct, 2021",5200.0,Simulation,game,games_1000
1664170,Reina and Jericho Demo,"16 Jun, 2021",,,demo,games_1000
873730,Under The War,"19 Jun, 2018",1200.0,"Adventure, Indie, Strategy",game,games_1000
1439721,Steam Game Festival: FAITH: The Unholy Trinity,"6 Oct, 2020",,,episode,games_1000
1102480,Reventure OST,"12 Jun, 2019",1200.0,"Adventure, Indie",music,games_1000
1055580,Rivals of Aether: Panda Etalus,"1 Jul, 2019",2600.0,Indie,dlc,games_1000
407600,Raiden Legacy - Steam Edition,"10 Dec, 2015",6600.0,Action,game,games_1000
2273250,Aza Playtest,"29 Nov, 2023",,,game,games_1000
1811100,Exoblast - Vampire Skins,"31 Jan, 2022",4500.0,"Action, Free To Play, Indie",dlc,games_1000
3757450,Immortum Demo,"15 Jul, 2025",,"Adventure, Indie",demo,games_1000
3757360,Glorious Golf,"7 Jul, 2025",1300.0,Indie,game,games_1000
770972,Monster Hunter: World - The Handler's Busy Bee Dress,"25 Apr, 2019",2200.0,Action,dlc,games_1000
3680160,Vivid Days,2025,,"Adventure, Indie",game,games_1000
748650,Carnage in Space: Ignition,"31 Dec, 2017",2800.0,"Action, Indie",game,games_1000
1835340,Musicle - Ocean Skin DLC,"30 Nov, 2021",2000.0,"Action, Casual, Indie",dlc,games_1000
3730660,Lethal Invasion,September 2025,,"Action, Adventure, Early Access",game,games_1000
2233820,Vengeful Castle,"26 Feb, 2023",4600.0,"Action, Adventure, Indie, Early Access",game,games_1000
910290,CRACKPOT DESPOT: TRUMP WARFARE,"27 Aug, 2018",2800.0,"Action, Adventure, Casual, Indie",game,games_1000
907390,Numberline 3,"3 Aug, 2018",350.0,"Casual, Indie",game,games_1000
1082480,Buzz Kill Zero (OLD VERSION),"15 Nov, 2019",5200.0,"Action, Indie",game,games_1000
620742,Superdimension Neptune VS Sega Hard Girls - IF's Gust of Wind,"12 Jun, 2017",700.0,RPG,dlc,games_1000
1928950,RPG Maker MZ - Heroine Character Generator 5 for MZ,"10 Mar, 2022",9500.0,"RPG, Design & Illustration, Web Publishing",dlc,games_1000
3752310,Amazeballs!,"17 Jul, 2025",3900.0,"Casual, Indie",game,games_1000
2023180,Fixeight,"1 Feb, 2024",5200.0,Action,game,games_1000
3088040,Â§öÂÖÉÂÆàÂç´ËÄÖ Diverse Defenders,"24 Dec, 2024",3500.0,"Indie, Strategy",game,games_1000
3663810,Train Sim World¬Æ 6: Cargo Line Vol. 4 - Military,"26 Aug, 2025",9500.0,Simulation,dlc,games_1000
3639860,Super Kappy Island,2025,,"Action, Adventure, Indie, RPG",game,games_1000
2930940,‰ΩõÂÖ∞Âæ∑ÊñØÁöÑÁãó A Dog of Flanders Playtest,"6 May, 2024",,,game,games_1000
835670,Total War: WARHAMMER II - Curse of the Vampire Coast,"8 Nov, 2018",14300.0,"Action, Strategy",dlc,games_1000
3582060,Harvester Arno,"3 Apr, 2025",2600.0,"Action, Adventure, Casual, Indie, RPG",game,games_1000
3748050,Grav My Balls,Q4 2026,,"Adventure, Casual, Indie",game,games_1000
18600,Mayhem Intergalactic,"22 Jan, 2009",5200.0,"Indie, Strategy",game,games_1000
2702130,Renegade: Battle for Jacob's Star,"19 Dec, 2023",3900.0,"Action, Simulation",game,games_1000
862260,Miami Cruise,"20 Dec, 2018",4000.0,"Action, Indie, Racing, Early Access",game,games_1000
2655220,Blast Course,"26 Sep, 2024",,"Action, Adventure, Casual, Indie",game,games_1000
1636720,EBE: Extraterrestrial Biological Entity Demo,"9 Jun, 2021",,,demo,games_1000
1535420,Stream Toys by Zokya,"30 Jun, 2022",,"Casual, Free To Play, Massively Multiplayer",game,games_1000
3096040,Zrust,Coming soon,,Action,game,games_1000
1796870,SHINOBI NON GRATA,"24 May, 2023",9500.0,Action,game,games_1000
2613110,Enigmarble,"22 Mar, 2024",3900.0,"Action, Casual",game,games_1000
1360327,TIGER GAME ASSETS FONT STYLES VOL.20,"30 Jun, 2020",2000.0,"Animation & Modeling, Design & Illustration, Education, Photo Editing, Software Training, Video Production, Web Publishing, Game Development",dlc,games_1000
1896450,Dank Subs,"10 May, 2022",,"Indie, Early Access",game,games_1000
1685377,Tiger Tank 59 ‚Ö† Black Hill Fortress MP028,"5 Jul, 2021",2000.0,"Action, Casual, Indie",dlc,games_1000
736260,Baba Is You,"13 Mar, 2019",7600.0,Indie,game,games_1000
2484180,Deadshot,"18 Sep, 2024",6600.0,"Action, Indie",game,games_1000
589310,Tethered - Original Soundtrack,"27 Feb, 2017",2300.0,"Indie, Strategy",dlc,games_1000
3501580,Rice & Rest,2025,,"Casual, Indie",game,games_1000
1330460,Becastled,"8 Feb, 2021",9500.0,"Indie, Strategy, Early Access",game,games_1000
1412281,The Tower Of TigerQiuQiu Ninja Tiger:QiuQiu,"1 Sep, 2020",2000.0,"Action, Casual, Indie",dlc,games_1000
1983680,Knight Crawlers Demo,"2 May, 2022",,,demo,games_1000
899793,"Rocksmith¬Æ 2014 Edition ‚Äì Remastered ‚Äì Chuck Berry - ‚ÄúRun, Rudolph, Run‚Äù","20 Nov, 2018",1800.0,"Casual, Simulation",dlc,games_1000
1960220,Holdfast: Frontlines WW1 - Australian Forces,"18 Apr, 2022",3300.0,"Action, Indie, Massively Multiplayer, Simulation, Strategy",dlc,games_1000
441550,STAR WARS‚Ñ¢ Rebellion,"1 Mar, 2016",3900.0,Strategy,game,games_1000
775050,THE KING OF FIGHTERS: DESTINY: Generator,"20 Dec, 2017",,,episode,games_1000
1594440,Give the People What They Want,"6 May, 2022",2800.0,"Casual, Indie",game,games_1000
2016560,Oblivion Eclipse,To be announced,,"Action, Adventure, Indie, RPG",game,games_1000
3660790,Sad Virus Foodland,"1 May, 2025",1300.0,"Adventure, Casual, Indie, Simulation",game,games_1000
820870,Ash of Gods - Beer for Developers,"23 Mar, 2018",2600.0,"Violent, Adventure, Indie, RPG, Strategy",dlc,games_1000
1065750,Spark and The Digital Daydream,"7 May, 2019",,"Adventure, Free To Play, Indie",game,games_1000
2378614,Jigsaw Puzzle World - Motorcycles,"11 Apr, 2023",600.0,"Casual, Free To Play, Simulation",dlc,games_1000
2417210,RealFlight Evolution - 2023 Year Content Pass,"17 May, 2023",54400.0,"Indie, Racing, Simulation",dlc,games_1000
1944290,Coral Cove Playtest,"23 Mar, 2022",,,game,games_1000
3042810,Stinkytown,"30 Aug, 2024",,"Casual, Indie, Free To Play",game,games_1000
1631670,Project: AHNO's Ark,"19 Sep, 2024",8300.0,"Indie, RPG, Strategy, Accounting",game,games_1000
526510,The Hateful Dead,"28 Oct, 2016",1800.0,"Action, Indie",game,games_1000
2915830,Renaissance Kingdom Wars Soundtrack,"22 Jul, 2024",2600.0,,music,games_1000
3921810,I Pulled a Goth Baddie by Being Autistic,"9 Aug, 2025",700.0,"Indie, Simulation",game,games_1000
1747760,Momodora: Moonlit Farewell,"11 Jan, 2024",10800.0,"Action, Adventure, Indie",game,games_1000
855220,Gal*Gun 2 - Bubble Bath Bikini,"3 Aug, 2018",2000.0,"Action, Adventure, Indie, Simulation",dlc,games_1000
2440860,Reinforced Machine,Coming soon,,"Action, Indie",game,games_1000
2681260,Smash and Bash Monsters,"23 Feb, 2024",2600.0,"Action, Casual, Indie, Early Access",game,games_1000
637837,Rocksmith¬Æ 2014 Edition ‚Äì Remastered ‚Äì Jethro Tull - ‚ÄúAqualung‚Äù,"30 Jan, 2018",1800.0,"Casual, Simulation",dlc,games_1000
498700,The Ember Saga: A New Fire,"26 Aug, 2016",700.0,"Action, Adventure, Indie, RPG, Early Access",game,games_1000
1416800,Heroes Raid,Coming soon,,"Free To Play, RPG, Early Access",game,games_1000
2827310,ÊºÇÊµÅÁì∂Áõñ Drifting Bottle Cap,"29 Mar, 2024",3900.0,"Casual, Indie, Racing, Simulation, Sports",game,games_1000
2587040,JACKPOT 2,"23 Sep, 2023",2600.0,"Casual, Indie, Early Access",game,games_1000
1103670,EARTH DEFENSE FORCE: IRON RAIN - Operator Voice : Riho Futaba (Japanese voice only),"15 Oct, 2019",1800.0,Action,dlc,games_1000
616680,Monster Showdown,"26 Jan, 2022",7600.0,"Action, Indie",game,games_1000
1199030,Tainted Grail: Conquest,"27 May, 2021",1780.0,"Action, Indie, RPG",game,games_1000
70140,Hacker Evolution: Untold - Demo,"16 Dec, 2010",,Simulation,demo,games_1000
1630040,At Your Feet - OST & wallpapers,"1 Sep, 2021",3300.0,,music,games_1000
485146,Zaccaria Pinball - Red Show Table,"16 Jun, 2016",1500.0,"Casual, Free To Play, Simulation, Sports",dlc,games_1000
1414990,Quarantine simulator,"15 Oct, 2020",2000.0,"Casual, Indie, Simulation",game,games_1000
2799350,Emperor of the Fading Suns Enhanced,"4 Apr, 2025",6600.0,Strategy,game,games_1000
3596050,Angel Legion-DLC Interstellar Guide D,"28 Mar, 2025",,"Adventure, Casual, Massively Multiplayer, RPG, Simulation, Strategy, Free To Play",dlc,games_1000
793000,Star-Pit Starship,"10 Apr, 2018",600.0,"Action, Casual, Indie",game,games_1000
3813350,Azure Striker Gunvolt Trilogy Enhanced,"23 Jul, 2025",24800.0,"Action, Adventure",game,games_1000
1777270,The Godkiller - Chapter 1 Demo,"16 Dec, 2021",,,demo,games_1000
3037840,USD Clicker: x2,"20 Jun, 2024",1300.0,"Casual, Indie, Simulation",dlc,games_1000
3856080,Ravenous Horde: Support The Developer,"6 Nov, 2025",,Action,dlc,games_1000
1737110,Endeavor: Rite of Passage,"13 Jan, 2025",12500.0,"Indie, Strategy, Early Access",game,games_1000
1375363,"Beat Saber - Linkin Park - ""Given Up""","17 Aug, 2020",1300.0,Indie,dlc,games_1000
3858400,DeMon Researcher,"30 Sep, 2025",,"Action, Indie",game,games_1000
1462570,Lost in Random‚Ñ¢,"10 Sep, 2021",3999.0,"Action, Adventure, Indie",game,games_1000
2690300,"War Thunder - M1A1 HC ""Click-Bait"" Pack","14 Dec, 2023",54900.0,"Action, Massively Multiplayer, Simulation, Free To Play",dlc,games_1000
1644310,Markus Ritter - The Lost Family,"20 Aug, 2021",,"Adventure, Casual, Free To Play, Indie, Simulation",game,games_1000
893680,Project Warlock,"6 Dec, 2018",7000.0,"Action, Indie",game,games_1000
1131670,Justin Wack and the Big Time Hack,"23 Aug, 2022",8900.0,"Adventure, Casual, Indie",game,games_1000
2015360,Linked Worlds,"29 Mar, 2023",9500.0,"Indie, RPG, Strategy",game,games_1000
3067200,I Wanna Fuck my Mom's Best Friend,"9 Aug, 2024",9800.0,Casual,game,games_1000
1675732,Tiger Tank 59 ‚Ö† Air Strike MP023,"29 Jun, 2021",2000.0,"Action, Casual, Indie",dlc,games_1000
1710530,Hit Confirmed,"12 Aug, 2021",700.0,"Action, Indie",game,games_1000
3549600,RPG Maker MZ - KR Furniture Store - Modern Suites Tileset,"20 Mar, 2025",6600.0,"RPG, Design & Illustration, Education, Web Publishing, Game Development",dlc,games_1000
1354520,Wild Honesty: A party game for deeper conversations,"30 Sep, 2020",8900.0,"Casual, Indie",game,games_1000
2742150,MUZY,"13 Feb, 2024",,"Action, Adventure, Indie, Free To Play",game,games_1000
3452490,VR Harem Life DLC - Rimu,"18 Apr, 2025",2600.0,Simulation,dlc,games_1000
360970,Heaven Forest NIGHTS,"14 Mar, 2017",700.0,"Action, Adventure",game,games_1000
2282470,I WILL BE THERE - Original Soundtrack,"14 Feb, 2023",1300.0,Adventure,music,games_1000
1567290,STORY OF SEASONS: Pioneers of Olive Town - Expansion Pass,"15 Sep, 2021",13125.0,"Casual, RPG, Simulation",dlc,games_1000
1703729,Tiger Fighter 1931 Tora!Tora!Tora! MP070,"12 Sep, 2021",2000.0,"Action, Casual, Indie",dlc,games_1000
3659800,Inumbra,To be announced,,Adventure,game,games_1000
3285160,Go Marbles! Demo,"14 Nov, 2024",,"Casual, Indie, Racing, Simulation",demo,games_1000
1185910,Paunch - Bob Expansion Pack,"4 Dec, 2019",6600.0,"Action, Indie, Massively Multiplayer, RPG, Sports",dlc,games_1000
2753290,Phosfi Demo,"20 Jan, 2024",,,demo,games_1000
523160,Alice's Patchworks 2,"7 Oct, 2016",9500.0,"Casual, Indie",game,games_1000
1643190,Beyond The Gates,"22 Jul, 2021",2800.0,"Action, Adventure, Casual, Indie, Early Access",game,games_1000
857080,Escape from the Princess,"17 Sep, 2018",2250.0,"Adventure, Casual, Indie",game,games_1000
1921870,NeoTerra,To be announced,,"Indie, Strategy",game,games_1000
1452140,Sloth Tales Soundtrack,"30 Oct, 2020",700.0,,music,games_1000
972400,Pixel Game Maker MV - Weapon assets (100 varieties) and Dot Robot Set,"14 Dec, 2020",3300.0,"Action, Design & Illustration",dlc,games_1000
2732650,District VR,Coming soon,,Simulation,game,games_1000
1293540,Outerverse,"29 Aug, 2022",11800.0,"Action, Adventure, Casual, Indie, RPG, Simulation, Strategy",game,games_1000
2330440,Heck City Delivery,Coming soon,,"Action, Casual, Indie, Racing, Simulation",game,games_1000
3590870,Ripley [Remembered],2026,,"Action, Adventure, Indie, Simulation",game,games_1000
2369280,Cities of the World Jigsaw Puzzles - Amsterdam,"5 May, 2023",700.0,"Adventure, Casual, Indie, Strategy",dlc,games_1000
1399180,Lone Wolf: World War 2,"11 Jan, 2021",,"Action, Adventure, Casual, Indie, Free To Play",game,games_1000
2524110,GGST Season 3 Characters Additional Colors,"Aug 24, 2023",399.0,Action,dlc,games_1000
3041880,CatboyZOOM Demo,"14 Jun, 2024",,"Action, Adventure, Casual, Indie, Racing",demo,games_1000
1362170,"FAIRY TAIL: Jellal's Costume ""Dress-Up""","5 Aug, 2020",2700.0,RPG,dlc,games_1000
2859450,Find Cats With Friends,"14 Mar, 2024",700.0,"Casual, Indie, Simulation",game,games_1000
2621220,Tile Ruler,"20 Oct, 2023",1300.0,"Casual, Indie",game,games_1000
1316390,Thermo Sudoku,"25 May, 2020",2800.0,"Casual, Indie, Strategy",game,games_1000
773630,Quanero 2 - System Release,"25 Jun, 2020",,"Action, Adventure, Simulation",game,games_1000
2731850,Call of Duty¬Æ: Modern Warfare¬Æ III - Nova 6 Pro Pack,"14 Feb, 2024",15500.0,Action,dlc,games_1000
3526630,Bilingual Crosswords Demo,"23 Feb, 2025",,,demo,games_1000
1285530,Eagles Expedition,"27 Apr, 2020",600.0,"Action, Adventure, Casual, Indie, Simulation",game,games_1000
2078145,"Monster Hunter Rise - ""Felyne Fall"" Palico Layered Armor Set","28 Sep, 2022",1500.0,Action,dlc,games_1000
3249820,The Laziest Person In The World Competition: Animal Companions,"8 Oct, 2024",1300.0,"Casual, Indie, Simulation, Free To Play",dlc,games_1000
3177070,Frontline Inferno,"18 Nov, 2024",,"Action, Free To Play",game,games_1000
3568550,Tainted Pools,"14 Jul, 2025",2600.0,"Action, Indie",game,games_1000
3516260,Wallpaper  EdgeÔºöEdgeÂ£ÅÁ∫∏,"6 Jun, 2025",,"Free To Play, Utilities",game,games_1000
911760,Fruit Tower Defense,"15 Aug, 2018",1300.0,"Adventure, Casual, Indie, Strategy",game,games_1000
2435550,Avalanca - Mythos,Coming soon,,"Action, Adventure, Casual, Sports, Strategy, Free To Play",dlc,games_1000
2734030,Bloodhounds Demo,"5 Jan, 2024",,,demo,games_1000
1743110,Sidequest,"22 Nov, 2021",5200.0,"Action, Adventure, Casual, RPG",game,games_1000
1958130,The Backrooms: Found Footage,"3 Jul, 2022",4600.0,"Action, Adventure, Casual",game,games_1000
1434190,Fantasy Grounds - Pathfinder RPG - Chronicles: The Great Beyond - A Guide to the Multiverse,"25 May, 2021",8900.0,"Indie, RPG, Strategy",dlc,games_1000
3921690,Last Card Dungeon,To be announced,,"Indie, RPG, Strategy",game,games_1000
3413070,Space Defense Special Force - The Origin of Union,"19 Dec, 2024",,,demo,games_1000
880330,Last Byte Standing,"30 Jul, 2018",7600.0,"Action, Indie",game,games_1000
3696700,Kickback Clicker,Coming soon,,"Action, Casual, Indie",game,games_1000
259510,Shufflepuck Cantina Deluxe,"6 Dec, 2013",5200.0,"Action, Indie, Sports",game,games_1000
2681030,Outbound,Coming soon,,"Adventure, Indie, Simulation",game,games_1000
3078360,The Dark Book 2 Demo,"8 Jul, 2024",,"Action, Adventure, Indie, RPG",demo,games_1000
1626120,Last Dream II,To be announced,,"Indie, RPG",game,games_1000
751070,Pixel Stories of Dungeon Demo,"15 Nov, 2017",,"Adventure, Indie, RPG",demo,games_1000
3448800,Omega,"5 Feb, 2025",3300.0,"Adventure, Casual, Indie",game,games_1000
3570490,Frontier: Path of Shadows,Q2 2026,,"Indie, RPG, Strategy",game,games_1000
3564790,Courage Gauntlet Challenge,Q3 2025,,"Casual, Indie, RPG, Simulation",game,games_1000
1841100,Idle Sand Castle,"24 Jan, 2022",,"Casual, Free To Play",game,games_1000
2728130,Annihilation,Coming soon,,Action,game,games_1000
1723750,BarginToWin,"1 Sep, 2022",1200.0,"Casual, Indie, Simulation, Strategy, Early Access",game,games_1000
360090,Fantasy Grounds - D&D Player's Handbook,"7 Apr, 2015",17800.0,"Indie, RPG, Strategy",dlc,games_1000
1749250,Fantasy Match Puzzle - Expansion Pack,"19 Sep, 2021",700.0,"Casual, Indie, RPG, Strategy",dlc,games_1000
650048,Amnesia Fortnight: AF 2014 - Bonus - Tim and Pen Ward Interview,"2 Aug, 2017",,,episode,games_1000
3091240,UNPKF,Coming soon,,"Action, Indie",game,games_1000
1557750,Rolling Hamster Soundtrack + Wallpaper,"24 Mar, 2021",1300.0,,music,games_1000
774531,Snail Trek - Chapter 4: The Final Fondue,"29 Mar, 2018",600.0,"Adventure, Indie",game,games_1000
1343810,Fallen Hero: Retribution,"2 Feb, 2023",7800.0,"Action, Adventure, Casual, Indie, RPG",game,games_1000
428270,Twilight City: Love as a Cure,"18 Dec, 2015",4600.0,"Adventure, Casual",game,games_1000
656020,Beta Runner,"25 Jul, 2017",,"Adventure, Casual, Indie, Simulation",game,games_1000
922940,Navyblue &amp; the Spectrum Killers Demo,"14 Aug, 2018",,"Action, Indie",demo,games_1000
865800,Octo Gravity,"3 Jul, 2018",700.0,"Casual, Indie",game,games_1000
2798430,Wittle Mistakes - Prologue,"13 Nov, 2024",,"Action, Adventure, Casual, Indie, Simulation, Free To Play",game,games_1000
1806144,3 Minute Heroes - Lifeguard (Paladin Skin),"4 Nov, 2021",1200.0,Strategy,dlc,games_1000
3928440,The Cave Diver Demo,"26 Aug, 2025",,"Action, Adventure",demo,games_1000
2457500,Ophelia's Chapter,To be announced,,Adventure,game,games_1000
1749350,Gobby McGobblenutz Presents: The Art of the Dad Joke: Chapter 1,"15 Nov, 2021",1300.0,"Casual, Indie, RPG, Simulation",game,games_1000
486000,Attack on Titan - Mikasa Costume - Summer Festival,"20 Dec, 2016",,Action,dlc,games_1000
2204460,Attack on King: Reloaded Playtest,"13 Nov, 2022",,,game,games_1000
1938452,SD GUNDAM BATTLE ALLIANCE Unit and Scenario Pack 1: Legend & Succession,"7 Sep, 2022",8900.0,"Action, RPG",dlc,games_1000
1371000,AnotherOne,"25 Nov, 2020",1800.0,"Action, Indie, RPG",game,games_1000
1787420,The mystery of the planet venus,"4 Nov, 2021",1300.0,"Adventure, Indie, Simulation",game,games_1000
3743150,ORMS,Q2 2026,,"Adventure, Indie",game,games_1000
1021170,Alien Arena - Map Pack 4,"28 Jan, 2019",,"Action, Indie",dlc,games_1000
3490390,Sandustry Demo,"31 Jan, 2025",,"Simulation, Strategy",demo,games_1000
2779570,Archons,"6 Dec, 2024",6800.0,"Action, Adventure, Indie, RPG",game,games_1000
2512640,Operation Octo Demo,"21 Jul, 2023",,,demo,games_1000
3119710,Impious,2025,,"Indie, RPG",game,games_1000
1070603,SENRAN KAGURA Reflexions - Yomi Reflexions Course & 12-Outfit Set,"24 Jun, 2019",7200.0,"Adventure, Simulation",dlc,games_1000
1435550,Experience x3 - Crystal Ortha,"5 Nov, 2020",2800.0,RPG,dlc,games_1000
3409030,RPG Maker VX Ace - Rogue Adventure - Otherworld Tileset,"16 Jan, 2025",7800.0,"Adventure, RPG, Design & Illustration, Education, Web Publishing, Game Development",dlc,games_1000
1037120,Mutropolis,"18 Feb, 2021",12500.0,"Adventure, Casual, Indie",game,games_1000
673400,Home Architect - Design your floor plans in 3D,"25 Oct, 2017",21800.0,Design & Illustration,game,games_1000
1529430,Panic Mode,"9 Jul, 2021",5200.0,"Casual, Indie, Simulation, Early Access",game,games_1000
1188460,Gravity Escape,"8 Sep, 2024",4600.0,"Action, Indie",game,games_1000
2172020,Dreamcutter Demo,"16 Oct, 2022",,,demo,games_1000
2416490,Legends of Savvarah: Children of the Sun,"23 Jan, 2025",5200.0,"Adventure, Indie, RPG",game,games_1000
2136170,To The Top,"7 Oct, 2022",2300.0,Action,game,games_1000
365530,GameGuru - Fantasy Pack,"19 May, 2015",18700.0,"Action, Adventure",dlc,games_1000
704710,Cuphead - Official Soundtrack,"29 Sep, 2017",7500.0,"Action, Indie",music,games_1000
1102060,Gun Blaze,"15 Oct, 2019",3500.0,"Action, Indie, Early Access",game,games_1000
845970,Trivia Vault: Movie Trivia,"27 Apr, 2018",8900.0,"Action, Casual, Simulation, Strategy",game,games_1000
1010820,Barony: Myths & Outcasts,"22 Feb, 2019",2600.0,"Action, Adventure, Indie, RPG",dlc,games_1000
1785400,Nine Card Isle,To be announced,,"Casual, Strategy",game,games_1000
1921450,Quoin,"2 Oct, 2022",1800.0,"Action, Indie",game,games_1000
1812280,Cave Story's Secret Santa,"9 Dec, 2021",,Adventure,game,games_1000
2209880,Nightmare Inside,"28 Nov, 2022",2600.0,"Casual, Indie",game,games_1000
2753420,Starlight Scouts,"16 Jan, 2024",700.0,"Adventure, Casual, Indie, Racing, Simulation",game,games_1000
2799040,Cubic Enigma,"25 Apr, 2024",1319.0,"Adventure, Indie",game,games_1000
697430,Differently Fast,"6 Sep, 2019",7600.0,"Indie, Racing, Simulation, Sports, Early Access",game,games_1000
2228240,Sackboy‚Ñ¢: A Big Adventure - Emote Pack,"9 Dec, 2022",,Adventure,dlc,games_1000
3013730,Risimon Demo,"21 Feb, 2025",,"Adventure, RPG",demo,games_1000
968840,LET IT DIE -(Black Friday 2018)Special pack-,"14 Nov, 2018",5200.0,"Action, Free To Play",dlc,games_1000
1719180,Gobby McGobblenutz Presents - The Questionably Quirky Quiz Show,"4 Oct, 2021",1300.0,"Adventure, Indie, Simulation",game,games_1000
3466760,MX vs ATV Legends - GASGAS Pack 2025,"15 Jul, 2025",3900.0,"Racing, Sports",dlc,games_1000
2523650,Ninpaw,"12 Apr, 2025",3900.0,"Action, Casual, Indie",game,games_1000
457370,Alexa's Wild Night,"13 Dec, 2017",3300.0,"Casual, Indie",game,games_1000
2206820,Tokyo Pinball,"7 Jun, 2023",2000.0,"Action, Casual, Indie, Simulation",game,games_1000
3671960,Skogdal Soundtrack,"28 Apr, 2025",5800.0,,music,games_1000
1765600,The Song Out of Space,"4 Feb, 2022",3300.0,"Adventure, Indie",game,games_1000
3023270,The End,"9 Jul, 2024",700.0,"Action, Indie",game,games_1000
3937670,Fantasy Grounds - Treasury of the Crusade,"9 Sep, 2025",3900.0,"Indie, RPG, Strategy",dlc,games_1000
3052910,My Sudoku - Classic 4x4 Easy 5,"24 Jun, 2024",600.0,"Casual, Strategy, Free To Play",dlc,games_1000
410740,Flying Neko Delivery,"20 Oct, 2022",8900.0,"Casual, Indie, Simulation",game,games_1000
3097860,Á∫¶‰ºöÊôÆÊãâÊñØ Date Plus,2025,,"Adventure, Casual, Indie, Simulation",game,games_1000
2462280,Game Master Engine - Gemstone Dice Pack,"15 Sep, 2023",1650.0,"Indie, RPG, Simulation, Free To Play",dlc,games_1000
3225800,Abdicate,"11 Oct, 2024",24800.0,"Indie, Simulation",game,games_1000
1296580,Finger Guessing King,"21 Oct, 2020",700.0,"Casual, Indie, Strategy",game,games_1000
1291620,Virus Popper Soundtrack,"23 May, 2020",1800.0,,music,games_1000
1678700,CarsFuckingDragons,"1 Oct, 2021",3300.0,RPG,game,games_1000
3093400,Knightica,"21 Aug, 2025",9500.0,"Indie, Strategy",game,games_1000
3184760,Five Nights at Restroom 2: A Hellish Week,"8 Dec, 2024",1300.0,"Casual, Indie",dlc,games_1000
3874620,Party Me,Q4 2025,,"Indie, RPG, Strategy",game,games_1000
3567310,CORPSE CARNIVAL Playtest,"26 Mar, 2025",,,game,games_1000
3244790,Sojourn Past Demo,"28 Sep, 2024",,,demo,games_1000
938340,The Necklace Of Blood Part II,"28 Sep, 2018",2600.0,Indie,game,games_1000
360092,Fantasy Grounds - D&D Barbarian Class Pack,"7 Apr, 2015",2800.0,"Indie, RPG, Strategy",dlc,games_1000
3172190,Sexuality with girlfriends : Kello&Cammy,"10 Jan, 2025",2900.0,"Casual, Indie, RPG, Simulation, Strategy",game,games_1000
1309020,Colormeleons - GoldEdition,"11 May, 2020",1300.0,"Casual, Indie, Simulation, Strategy",dlc,games_1000
2745640,„ÄäÊú™Ëß£‰πãË∞ú2ÔºöÊ°•Â∏à„Äã Demo,"21 Dec, 2023",,,demo,games_1000
3363270,Fischer's Fishing Journey,"7 Aug, 2025",5200.0,"Casual, Indie",game,games_1000
3268240,Funko Fusion - Hazel & Cha Cha,"6 Dec, 2024",,"Action, Adventure, Free To Play",dlc,games_1000
3334220,Deadly Chance,Coming soon,,"Action, Adventure, Indie",game,games_1000
1140510,Fantasy Gladiators,"27 Aug, 2019",,"Free To Play, Indie, RPG, Simulation",game,games_1000
526780,Jumper Jape,"17 Nov, 2016",1300.0,"Action, Adventure",game,games_1000
2138240,Chronicles of cyberpunk - Lost dream,Coming soon,,Adventure,game,games_1000
2797270,Rocklings Demo,"16 Feb, 2024",,,demo,games_1000
922230,Antirocketh - Original Soundtrack,"16 Aug, 2018",600.0,"Action, Casual, Indie",dlc,games_1000
1692190,MOBILE SUIT GUNDAM BATTLE OPERATION 2„ÄÄ Network Test,"30 Mar, 2023",,,game,games_1000
3224860,Express Car Wash Simulator Demo,September 2025,,,demo,games_1000
2742310,Apex Heroines - Game Orange ÁîµÁé©ÁîúÊ©ô,"18 Jan, 2024",2000.0,"Action, Adventure, Casual, Indie, RPG",dlc,games_1000
1752080,HUNGER,Coming soon,,"Action, Early Access",game,games_1000
3525230,Attack Hole: Monsters,"11 Apr, 2025",1300.0,"Action, Casual",dlc,games_1000
2025340,GALXAGAR,"19 Aug, 2022",1200.0,Action,game,games_1000
295178,BR Blue/Grey Class 121 Add-On Livery,"21 Jan, 2015",3900.0,Simulation,dlc,games_1000
2715370,Ancient Cultivatrix,"13 Feb, 2025",4800.0,"Indie, RPG, Strategy",game,games_1000
2431403,"Zombie Hunter: D-Day - SS-ranked Weapon ""JACKHAMMER""","26 Jul, 2023",1800.0,"Action, Indie",dlc,games_1000
1199740,Pi√±ata Attack,"3 Feb, 2020",2300.0,"Casual, Indie",game,games_1000
3804830,Lonelight Playtest,"11 Jun, 2025",,,game,games_1000
3708940,Palia - Founders Pack,"12 May, 2025",19900.0,"Adventure, Casual, Indie, RPG, Simulation, Free To Play",dlc,games_1000
463110,Farnham Fables,"20 Jun, 2016",700.0,"Adventure, Casual, Indie",game,games_1000
1628253,RiMS Racing: Nolan X-LITE Helmets,"19 Aug, 2021",1300.0,"Racing, Simulation, Sports",dlc,games_1000
1970530,Long Journey,"13 May, 2022",3500.0,Indie,game,games_1000
2111760,PARADISE CLEANING - pregnant ogre -,"26 Aug, 2022",600.0,"Action, Casual",game,games_1000
2217404,Arcade Paradise - Vostok Inc. Pinball,"18 May, 2023",1040.0,"Adventure, Indie, Simulation",dlc,games_1000
869290,Don't Look Down,"18 Apr, 2019",7600.0,"Action, Indie, Racing",game,games_1000
2493430,Haikuna,"18 Jan, 2024",700.0,"Casual, Indie",game,games_1000
693500,Castle Demolition VR,"1 Sep, 2017",600.0,"Casual, Indie",game,games_1000
2959640,ÁµÇ„Çè„Çä„ÅÆÊ£Æ -Forest of soul slave-,"22 Nov, 2024",10000.0,"Casual, Indie, RPG",game,games_1000
1973870,Goonya Monster - Soul Coin & Soul Gem for Digital DX,"10 Dec, 2022",,"Action, Casual, Indie",dlc,games_1000
3879230,Midnight Study Demo,"22 Aug, 2025",,,demo,games_1000
2977750,Vague Lizards Soundtrack,"29 May, 2024",2600.0,,music,games_1000
3951070,Drakengard Original Soundtrack Re-release,"10 Sep, 2025",9520.0,,music,games_1000
1266740,Vampire: The Masquerade - Coteries of New York Soundtrack,"24 Mar, 2020",2300.0,,music,games_1000
2066670,‰ºΩÂ∞îÂÖ∞ÁâπÔºöÊàëÁöÑÂÜíÈô©ÊïÖ‰∫ã Demo,"19 Jun, 2023",,,demo,games_1000
3353380,Dead by Skill Check,"3 Dec, 2024",,"Casual, Free To Play, Early Access",game,games_1000
2913160,Trainz 2022 DLC - Swayfield Branch,"10 Apr, 2024",9500.0,Simulation,dlc,games_1000
2840820,Anima Shin Gun,Q4 2026,,"Action, Adventure, Indie",game,games_1000
2696770,Purrs in Heaven,"7 Feb, 2024",5800.0,"Adventure, Indie",game,games_1000
1016900,GUN AND BUCKLER,Coming soon,,"Action, Casual, Indie",game,games_1000
3143490,My Sleeper,Q4 2025,,"Indie, Racing, Simulation, Early Access",game,games_1000
3072050,Mesektet,Coming soon,,"Adventure, Indie",game,games_1000
1056750,Shera and the Three Treasures,"13 Dec, 2019",7600.0,"Indie, RPG",game,games_1000
2556050,Astral Quester,"23 Jan, 2024",,"Adventure, RPG, Strategy, Free To Play",game,games_1000
2205650,VR Hourse Racing Sweetie,"20 Dec, 2022",860.0,"Action, Adventure, Casual, RPG, Simulation",game,games_1000
3024580,Dead by Daylight - Tomb Raider Chapter,"16 Jul, 2024",3000.0,Action,dlc,games_1000
3891580,Pocket Spouse,"11 Sep, 2025",,"RPG, Simulation",game,games_1000
840630,Fantasy Grounds - Sci-fi Species Vol 1 (Token Pack),"11 Apr, 2018",4500.0,"Indie, RPG, Strategy",dlc,games_1000
1430340,Vocal Space Shooter,"13 Nov, 2020",600.0,"Casual, Indie",game,games_1000
1218880,AudioWizards Soundtrack,"24 Jan, 2020",2800.0,"Action, Casual, Indie",music,games_1000
3636420,Make your Move,2026,,"Indie, Strategy",game,games_1000
1883521,Offside R  18+ Adults Only Patch,"26 Jan, 2022",,"Casual, Simulation, Sports",dlc,games_1000
2262820,Ê∞∏Áîü‰πãÂ∫≠,Coming soon,,"Indie, RPG, Strategy",game,games_1000
2719270,Last Caveman,"16 Dec, 2023",8300.0,"Casual, Strategy",game,games_1000
1680173,Tiger Tank 59 ‚Ö† Battleship MP084,"1 Jul, 2021",2000.0,"Action, Casual, Indie",dlc,games_1000
3959060,"Sign Off ""Upgrade"" DLC","21 Aug, 2025",2600.0,"Action, Free To Play",dlc,games_1000
3503770,Meatmare,To be announced,,"Indie, Simulation",game,games_1000
1612710,"SAMURAI SHODOWN - DLC CHARACTER ""WAN-FU""","14 Jun, 2021",,Action,dlc,games_1000
1730820,FamilyWorldRoam,"10 Sep, 2021",700.0,"Casual, Indie",game,games_1000
3596290,Apes Warfare Demo,"20 Apr, 2025",,,demo,games_1000
899820,Rocksmith¬Æ 2014 Edition ‚Äì Remastered ‚Äì Paramore - ‚ÄúRose-Colored Boy‚Äù,"15 Jan, 2019",1800.0,"Casual, Simulation",dlc,games_1000
2664000,Rose Playtest,"25 Oct, 2023",,,game,games_1000
3789880,Ice Cream Typer,"24 Jun, 2025",,"Action, Casual, Indie, Free To Play",game,games_1000
403940,Dungelot: Shattered Lands,"18 Feb, 2016",6600.0,"Action, Indie, RPG",game,games_1000
3088550,Hot And Lovely XXII,"15 Nov, 2024",2900.0,"Casual, Indie, RPG",game,games_1000
2251240,Police Car Simulator,"29 Dec, 2022",350.0,"Action, Indie, Racing, Simulation",game,games_1000
3954420,Bleaklight Falls Demo,"27 Aug, 2025",,"Action, Indie, RPG, Strategy",demo,games_1000
2899720,6Âπ¥1ÁµÑ,"10 Apr, 2024",1300.0,"Action, Adventure, Casual, Indie, Simulation, Strategy",game,games_1000
1071320,Isle of the Dead,"19 Jun, 2019",1800.0,"Casual, Indie",game,games_1000
3408320,Frostbite,"20 Jan, 2025",2000.0,"Adventure, Indie",game,games_1000
1833990,HUMANKIND‚Ñ¢ - Together We Rule Expansion Pack,"9 Nov, 2022",12800.0,Strategy,dlc,games_1000
1291040,Fantasy Grounds - Devin Night TP120 Scifi Characters 2,"21 Apr, 2020",2800.0,"Indie, RPG, Strategy",dlc,games_1000
277170,Web Designer 10,"13 Aug, 2014",,,advertising,games_1000
2397390,Missile Collector Man Demo,"19 May, 2023",,,demo,games_1000
3013280,Table Top Creature Tracker,"22 May, 2025",3300.0,Utilities,game,games_1000
2684310,Dangerous FightCIA,"1 Mar, 2024",3900.0,"Action, Adventure, Indie, Massively Multiplayer",game,games_1000
1498400,Jigsaw Puzzle - Pixel Art Master,"28 Dec, 2020",1300.0,"Adventure, Casual, Indie, Simulation, Strategy",game,games_1000
2588820,Asteroids Star Fields,"25 Sep, 2023",3900.0,"Action, Casual",game,games_1000
3814080,RAGING BILL Demo,"18 Jun, 2025",,"Action, Adventure, Casual, Indie, Racing",demo,games_1000
970200,Campido,"18 Nov, 2018",2800.0,"Casual, Indie, Simulation, Strategy",game,games_1000
3966440,Monstrix: TCG Card Shop Demo,2025,,"Casual, Indie, Simulation",demo,games_1000
3309840,WARNO - Reinforcement Pack #3 - Stoneware,"30 Oct, 2024",,"Action, Indie, Simulation, Strategy, Free To Play",dlc,games_1000
868370,Lost Tales - The Castle Escape,"12 Jul, 2019",2800.0,"Adventure, Indie, RPG",game,games_1000
2292940,Multiplayer Werewolves,"7 Feb, 2023",490.0,Massively Multiplayer,game,games_1000
1246500,Stone Story RPG Soundtrack,"14 Feb, 2020",6600.0,,music,games_1000
3447420,Marble Run Maker,2026,,"Casual, Indie, Simulation",game,games_1000
841690,Night of Something Strange,"7 May, 2018",,Movie,video,games_1000
2603160,SUPER 56 Soundtrack,"21 Nov, 2023",1300.0,,music,games_1000
3021640,Void Scavengers,Coming soon,,"Action, Adventure, Indie, Early Access",game,games_1000
3272360,Decade,"27 May, 2025",5280.0,"Adventure, Indie",game,games_1000
1659530,Party Demon,"25 Apr, 2025",2600.0,"Action, Adventure, Indie, Strategy",game,games_1000
3666200,Quantum Resonance,"26 Jun, 2025",2000.0,"Adventure, Indie",game,games_1000
1195250,Gateball VR,"4 Jun, 2020",600.0,Sports,game,games_1000
382190,Sumo Revise OST,"25 Jun, 2015",1500.0,"Action, Indie",music,games_1000
2504300,Farming Fever - Apprentice Pack,"20 Jul, 2023",4600.0,"Casual, Simulation",dlc,games_1000
652070,Bump+Smack,"8 Aug, 2017",600.0,"Casual, Indie",game,games_1000
982400,Ëµ´ÁÇéÁöÑÂç∞Âä†ËØ∫ÂÖã Fullvoice ReBORN,"14 Mar, 2019",5800.0,Adventure,game,games_1000
1229690,Fantasy Grounds - Devin Night TP131: Steampunk Rats,"7 Apr, 2020",2800.0,"Indie, RPG, Strategy",dlc,games_1000
1272660,Gan's Matchstick MenÔºöDeadly Rhythm,"27 Jun, 2020",1200.0,"Action, Indie",game,games_1000
3820000,BOT.VINNIK Chess Masters Academy,Coming soon,,Strategy,game,games_1000
3748030,Internet Entrepreneurship Simulator Demo,"5 Jun, 2025",,"Casual, Indie, RPG, Simulation, Strategy",demo,games_1000
1526010,Panzer Corps 2: Axis Operations - 1941,"18 Mar, 2021",6600.0,Strategy,dlc,games_1000
432170,Silver Knight,"15 Jan, 2016",600.0,"Action, Adventure, Casual, Indie, RPG, Early Access",game,games_1000
531170,DEAD OR ALIVE 5 Last Round: Core Fighters Character: Brad Wong,"3 Oct, 2016",3000.0,Action,dlc,games_1000
726460,Choice of Broadsides,"19 Oct, 2017",2800.0,"Adventure, Indie, RPG",game,games_1000
4010990,The Smoke Playtest,"10 Sep, 2025",,,game,games_1000
540410,Queendoom,"10 Nov, 2016",1125.0,Action,game,games_1000
3454670,Planet of the Ants,Coming soon,,"Action, Strategy",game,games_1000
3717410,Dino Path Trail - Artbook,"9 May, 2025",2000.0,"Action, Adventure, Indie",dlc,games_1000
782690,Gazing from beyond,"7 Feb, 2018",1200.0,"Adventure, Indie, RPG",game,games_1000
1510980,ÁÅµÈ≠ÇÁ≠πÁ†Å - ÊãõÂ®£‚ÄúËçíÈáéÁåéÊâã‚ÄùÂ•óË£Ö,"30 Dec, 2020",5800.0,"Action, Indie, RPG",dlc,games_1000
3564500,Lambda Fortress,Coming soon,,"Action, Free To Play",mod,games_1000
2148434,SAMURAI MAIDEN - Extra BGM: Kotonohanisaku (Komimi Ver.),"8 Dec, 2022",900.0,"Action, Adventure, RPG",dlc,games_1000
1862410,Fantasy Grounds - D&D Classics: R1 To the Aid of Falx,"22 Mar, 2022",5200.0,"Indie, RPG, Strategy",dlc,games_1000
354140,Five Nights at Freddy's 3,"2 Mar, 2015",4500.0,"Action, Indie, Simulation",game,games_1000
3322790,Easy View,"3 Apr, 2025",6600.0,Simulation,game,games_1000
2078901,6Braves [1320 Diamonds Bag],"28 Aug, 2022",1800.0,"Adventure, Casual, Indie, RPG, Strategy",dlc,games_1000
2144530,No Random Novels,"17 Nov, 2022",18700.0,"Adventure, Indie, Simulation",game,games_1000
3632620,Hentai Pair - Beach Love DLC,"25 May, 2025",350.0,"Casual, Indie, Simulation",dlc,games_1000
3444930,Sea of Thieves: 2025 Deluxe Bundle,"20 Mar, 2025",34900.0,"Action, Adventure",dlc,games_1000
668200,Four Horsemen,"1 Sep, 2017",7600.0,"Adventure, Indie, Simulation",game,games_1000
1752180,Filcher Demo,"14 Sep, 2021",,,demo,games_1000
1499550,VR Luxury Life (Be a Billionaire),"29 Dec, 2020",2800.0,"Casual, Simulation",game,games_1000
1956410,enJoyTyping,"27 May, 2022",,"Free To Play, Indie",game,games_1000
2376080,Danse Macabre AI Text RPG,Coming soon,,"Adventure, Indie, RPG, Early Access",game,games_1000
1906890,Jump Like An Egyptian,"25 Feb, 2022",1200.0,"Adventure, Casual, Indie, Racing, Sports",game,games_1000
1083190,Disc Creatures,"17 Oct, 2019",9500.0,"Adventure, Indie, RPG",game,games_1000
2877640,Super Onion Boy+,"31 May, 2024",2600.0,"Action, Adventure, Casual, Indie",game,games_1000
1699260,Atlas Wept,"16 Jan, 2024",5200.0,"Action, Adventure, Casual, Indie, RPG",game,games_1000
3631440,Infected Towns,2025,,RPG,game,games_1000
1111280,"9 Games, 2 Buttons","3 Mar, 2025",,"Action, Indie, Free To Play",game,games_1000
3673770,Vermilion Arcade - Horror Collection Demo,Coming soon,,,demo,games_1000
1408670,Orb and the Stars Demo,"7 Oct, 2020",,,demo,games_1000
1587460,The Rocket Stop Incident,To be announced,,"Adventure, Indie",game,games_1000
1690130,Trainz 2019 DLC - Victorian Railways V class FL Black,"22 Jul, 2021",6600.0,Simulation,dlc,games_1000
2926700,Presidential Rise,Coming soon,,"Indie, Simulation, Strategy",game,games_1000
3391110,ÊúÄÂº∑ÂÆóÂ∏´,"31 Jan, 2025",,"Massively Multiplayer, Simulation, Strategy, Free To Play",game,games_1000
1235721,The Sims‚Ñ¢ 4 Cats & Dogs,"18 Jun, 2020",27900.0,"Casual, Simulation",dlc,games_1000
1892670,"Coins, Chests and Loot","17 Feb, 2022",1200.0,Indie,game,games_1000
1612090,Riftnote Playtest,"22 Apr, 2021",,,game,games_1000
2824440,Looking For Cats In a Badly Drawn Forest ‚Äì Extra Content,"8 Feb, 2024",700.0,"Casual, Indie, Free To Play",dlc,games_1000
2419910,Apartament 1406: Horror Demo,"25 Aug, 2023",,"Action, Adventure, Indie",demo,games_1000
992890,Tank raid,"18 Dec, 2018",700.0,Indie,game,games_1000
2159060,Big Adventure: Trip to Europe 3 - Collector's Edition,"16 Oct, 2022",3300.0,Casual,game,games_1000
1838160,Ê∑±ÊöóÊ£ÆÊûó Deep Dark Forest Demo,"19 Feb, 2022",,,demo,games_1000
1800210,FUN Platformer  DLC 2,"14 Nov, 2021",4500.0,"Action, RPG",dlc,games_1000
2395690,Hentai Casual Jigsaw - Zombies,"17 May, 2024",700.0,"Casual, Indie",game,games_1000
2144761,Generation Zero¬Æ - Motorbikes Pack,"25 Oct, 2022",3800.0,"Action, Adventure",dlc,games_1000
3281650,Louis,"24 Aug, 2025",2000.0,"Adventure, Casual, Indie",game,games_1000
3106070,How Can a Joker Like Me Play Cards with a Beautiful Girl,"31 Oct, 2024",2000.0,"Casual, Indie, Strategy",game,games_1000
2327130,Xenon-Runner,"27 Apr, 2023",,Racing,game,games_1000
3508910,Abyss Kitchen,Coming soon,,"Action, Casual, Indie, Strategy",game,games_1000
1406790,Evil Icebox Demo,"26 Aug, 2020",,,demo,games_1000
3168240,Frame Data: Mech Arena,To be announced,,"Action, Indie",game,games_1000
397350,Lords of the Realm II,"3 Dec, 2015",2000.0,"RPG, Strategy",game,games_1000
3199180,Steel Swarm: APOCALYPSE,"24 Jun, 2025",,"RPG, Simulation, Strategy, Free To Play, Early Access",game,games_1000
1733500,Looking for Aliens,"8 Dec, 2021",5200.0,"Adventure, Casual, Indie",game,games_1000
962160,The Glass Coffin,"15 Oct, 2018",,Movie,video,games_1000
664180,Draw Puzzle Áîª‰πãË∞ú,"4 Aug, 2017",3900.0,"Casual, Indie",game,games_1000
2388930,Nox Archaist: Lord of Storms,"1 May, 2023",5200.0,"Adventure, RPG",dlc,games_1000
3218520,City Bus Manager - Holiday Resorts & Sightseeing Buses,"26 Sep, 2024",6600.0,"Casual, Simulation",dlc,games_1000
1865010,HG Adventure,"3 Aug, 2023",7200.0,"Adventure, Casual, Indie, Early Access",game,games_1000
1836510,Skylark,Coming soon,,"Action, Adventure",game,games_1000
3756080,Bilson,Coming soon,,"Adventure, Casual, Indie, RPG, Simulation, Early Access",game,games_1000
1412640,Ribby Rocket,"25 Mar, 2021",4500.0,Action,game,games_1000
1798088,"MONSTER HUNTER RISE - ""Royal Dreads"" hairstyle","12 Jan, 2022",1100.0,Action,dlc,games_1000
449730,Ahnayro: The Dream World,"1 Dec, 2016",3300.0,"Adventure, Casual, Indie, Strategy",game,games_1000
3569200,How to Count to 100 - Japanese Voice Pack,"7 Mar, 2025",1300.0,"Casual, Free To Play, Audio Production, Education, Utilities, Video Production, Web Publishing, Game Development",dlc,games_1000
3321650,„Ç≥„Ç≥„É≠„Éà„Éº„Ç´„Éº„Ç∫,2025,,"Adventure, Indie, Simulation",game,games_1000
2098850,Odium: Support the developer & Achievements,"21 Oct, 2022",1800.0,"Action, Indie",dlc,games_1000
3359890,ShelfLife: Art School Detective Playtest,"16 Dec, 2024",,,game,games_1000
2370280,Nobody's Left,To be announced,,"Action, Adventure",game,games_1000
2606180,Fellowship Demo,"15 Sep, 2023",,,demo,games_1000
3728990,Toilet Battle Hero - Throbbing Gym,"24 Aug, 2025",1300.0,"Casual, Free To Play",dlc,games_1000
2598510,Darkest Dungeon¬Æ II: The Binding Blade,"11 Dec, 2023",4500.0,"Indie, RPG, Strategy",dlc,games_1000
3017560,Hazy Hollow Demo,"30 May, 2024",,,demo,games_1000
1151750,mmmmm donuts arhhh......,"23 Sep, 2019",700.0,"Action, Casual, Indie",game,games_1000
3063450,MENSEKI Area maze puzzles,"17 Jul, 2024",3300.0,Casual,game,games_1000
2479520,HypurrX,To be announced,,"Action, Adventure, Casual, Indie, Racing, Early Access",game,games_1000
2146680,Coffee For Robots,"29 Sep, 2022",,"Casual, Indie, Simulation",game,games_1000
3390180,Blue Light Soundtrack,"9 Dec, 2024",700.0,,music,games_1000
2390650,Boomeraxe,"26 Jul, 2023",1300.0,Action,game,games_1000
3061740,Memory Oblivion Box -  Radio Drama,"27 Jun, 2024",2000.0,"Adventure, Casual, Indie",dlc,games_1000
3852240,Cosmodrill Demo,"16 Aug, 2025",,,demo,games_1000
2920490,Splash Dino,"26 Apr, 2024",,"Casual, Indie, Free To Play",game,games_1000
314770,Pe-2: Dive Bomber,"6 Aug, 2014",7500.0,"Indie, Simulation",game,games_1000
1587830,Mayu: Last of the Yaksha,Coming soon,,"Adventure, Indie, RPG",game,games_1000
1231870,Nevaeh Soundtrack,"17 Sep, 2020",3800.0,"Adventure, Indie",music,games_1000
1508250,Box And Ball,"23 Jul, 2021",2800.0,"Casual, Indie",game,games_1000
3770300,She's Leaving Dalton's Demo,"11 Jul, 2025",,"Action, Adventure",demo,games_1000
959090,WayDown,"5 Nov, 2018",,"Action, Indie",game,games_1000
3254980,Farm Your Friends - Heroes Pack,"26 Jun, 2025",1300.0,"Action, Indie",dlc,games_1000
1027900,Sexy Heroine!,"2 May, 2019",5200.0,"Adventure, Casual, Indie, RPG, Strategy",game,games_1000
497890,Super Sketch Bob: The Super Sketch Soundtrack,"16 Aug, 2019",2800.0,"Action, Indie",music,games_1000
2012020,Dis Pontibus 2,"15 Jun, 2022",3800.0,Indie,game,games_1000
1798400,Farm and Girls - Artbook 18+,"28 Oct, 2021",700.0,"Casual, Indie",dlc,games_1000
628830,Ultra Hat Dimension,"16 Jul, 2020",3300.0,"Adventure, Casual, Indie, Simulation, Strategy",game,games_1000
2502540,3D Lover -  Vintage Fashion,"7 Nov, 2023",2000.0,"Casual, Simulation",dlc,games_1000
272390,Max: The Curse of Brotherhood Demo,"21 May, 2014",,Adventure,demo,games_1000
1203470,Earth Analog,"10 Feb, 2021",15600.0,"Action, Adventure, Indie, Simulation",game,games_1000
1054560,Alice in Stardom - A Free Idol Visual Novel,"5 Apr, 2019",,"Casual, Indie, RPG, Free To Play",game,games_1000
1260430,Ultimate Truco,To be announced,,"Casual, Simulation, Sports, Strategy, Early Access",game,games_1000
3282700,LIMINAL SHIFT,"24 Jun, 2025",6600.0,"Adventure, Casual, Indie, Simulation",game,games_1000
1418180,MUSICUS!,"8 Apr, 2021",18800.0,"Adventure, Casual",game,games_1000
3427350,Bad Trip,Q4 2025,,"Action, Indie",game,games_1000
349650,Tokyo Hosto,"2 Jun, 2015",2800.0,Adventure,game,games_1000
3257570,Ëø∑ÂÆ´Á´•ËØù Playtest,"4 Oct, 2024",,,game,games_1000
2117740,RPG Maker MV - Paladin Dream OST Music Pack,"2 Sep, 2022",18700.0,"Design & Illustration, Web Publishing",dlc,games_1000
762174,Monster Hunter: World - Gesture: Devil May Cry Dual Guns,"15 Nov, 2018",3000.0,Action,dlc,games_1000
3223490,Reign of Guilds - Knight,"19 Sep, 2024",10800.0,"Action, Adventure, Indie, Massively Multiplayer, RPG",dlc,games_1000
2977700,Survive the Swarm,Coming soon,,"Action, Casual, Indie",game,games_1000
2422360,The Four Paths,"15 Jan, 2024",700.0,"Indie, RPG, Strategy",game,games_1000
1097840,Gears 5,"9 Sep, 2019",20900.0,"Action, Adventure",game,games_1000
1721852,The Tower Of TigerQiuQiu 2 Warp Tiger M03,"28 Aug, 2021",2000.0,"Action, Casual, Indie, Racing, RPG, Simulation, Sports, Strategy",dlc,games_1000
3779800,EONA,2026,,"Action, Adventure, Indie",game,games_1000
3218630,Super Woden: Rally Edge,2025,,"Indie, Racing, Sports",game,games_1000
3559630,CarX Drift Racing Online - Wild Union,"28 Apr, 2025",2000.0,"Massively Multiplayer, Racing, Simulation, Sports",dlc,games_1000
2219720,Furry Shakespeare: Dashing Dinosaurs & Sexy Centaurs: Winter's Tale 2,"24 Nov, 2022",2000.0,"Adventure, Free To Play, Indie",dlc,games_1000
2639430,SGS Sealion,Coming soon,,Strategy,game,games_1000
2190290,To Be or Not to Be,"9 Dec, 2022",4000.0,"Adventure, RPG",game,games_1000
1778880,Sword of Shadow: Revolution,2025,,"Action, Adventure, Indie, RPG, Simulation, Strategy, Early Access",game,games_1000
3197720,"Him, the Smile ÔºÜ bloom","27 Feb, 2025",18700.0,"Adventure, Casual, Simulation",game,games_1000
2772330,Goblington,Coming soon,,"Indie, RPG, Strategy",game,games_1000
1333980,Flyist,"18 Jun, 2021",3500.0,"Casual, RPG, Simulation, Sports",game,games_1000
2234890,Urbex Night Security,"8 May, 2023",3300.0,"Indie, Early Access",game,games_1000
643695,TS Marketplace: Maunsell 59ft Low Window Corridor Coach Pack Southern Malachite Green,"18 Apr, 2018",2800.0,Simulation,dlc,games_1000
3152570,Pet Lands Demo,"30 Aug, 2024",,,demo,games_1000
1622780,Latex Dungeon,"14 Mar, 2022",6600.0,RPG,game,games_1000
496040,Shaq Fu: A Legend Reborn,"5 Jun, 2018",13900.0,"Action, Indie",game,games_1000
9200,RAGE,"3 Oct, 2011",7700.0,Action,game,games_1000
2714570,Shades of Rayna - Lasher Class,"26 Jan, 2024",3900.0,"Action, Adventure, Indie, Free To Play",dlc,games_1000
358200,Math Rescue,"5 May, 2014",3900.0,Adventure,game,games_1000
3848340,Splicer,To be announced,,"Action, Indie, Simulation",game,games_1000
1973540,Wandering in space Playtest,"25 Apr, 2022",,,game,games_1000
3227780,Black Paradox Reloaded,"3 Dec, 2024",,"Action, Indie",demo,games_1000
2869950,DARKWELL:Assassin's Choice,Coming soon,,"Action, Adventure, RPG",game,games_1000
3559300,Cipheur - Famous People Quotes 5,"14 Aug, 2025",99.0,"Casual, Free To Play",dlc,games_1000
3004080,O reino em outro mundo Demo,"24 May, 2024",,,demo,games_1000
252410,SteamWorld Dig,"5 Dec, 2013",5200.0,"Action, Adventure, Indie",game,games_1000
2304830,MMV Playtest,"24 Feb, 2023",,,game,games_1000
1012510,Greenland Melting,"18 Mar, 2019",,Education,game,games_1000
3403070,Master of Pieces ¬© Jigsaw Puzzle DLC - Marvels Valley,"2 Jan, 2025",2600.0,"Casual, Free To Play",dlc,games_1000
2477540,The Lost Myth,Coming soon,,"Adventure, Indie, RPG",game,games_1000
2431200,POPOLOGIST¬Æ Camera Slinger,"16 Jun, 2023",9500.0,"Action, Adventure, Indie, Strategy, Early Access",game,games_1000
518835,Kikoriki: Nyusha‚Äôs Birthday,"22 Sep, 2016",,,episode,games_1000
2979070,A Few Days With : Rebecca,"21 Jun, 2024",2000.0,"Casual, Indie",game,games_1000
3850920,SPEEDING,To be announced,,"Indie, Racing, Simulation, Early Access",game,games_1000
2345140,Day In Day Out,"7 Jul, 2023",2600.0,"Casual, Indie",game,games_1000
1099790,PROTOCOL 11 - Episode 1,"27 Aug, 2024",6600.0,"Action, Adventure, Indie",game,games_1000
2620410,Paper Bride 5: Two Lifetimes - Original Artwork & Concept Art,"30 Nov, 2023",,"Adventure, Casual, Indie, RPG",dlc,games_1000
3284670,Song Song: BMTƒê-Soundtrack,"22 Jul, 2025",,Free To Play,music,games_1000
3320340,Nomadic Tale (Harvest Elysium),"6 Dec, 2024",12500.0,"Action, Indie, RPG",game,games_1000
1276060,Fingertips  mountain  sea,"3 Dec, 2020",700.0,"Adventure, Indie, Simulation, Strategy",game,games_1000
2888050,Space Order Mine Playtest,"19 Mar, 2024",,,game,games_1000
1124780,Hentai MatchUp - Endless Mode,"1 Aug, 2019",2300.0,"Casual, Indie, RPG, Simulation, Strategy",dlc,games_1000
2747060,Office Fight,"21 Aug, 2024",6600.0,"Casual, Simulation, Strategy",game,games_1000
1282360,Escape From Island,"25 Sep, 2024",1300.0,"Adventure, Indie",game,games_1000
2369910,CyberSurfer Playtest,"18 Apr, 2023",,,game,games_1000
727800,Voxel Tank VR,"23 Oct, 2017",560.0,Action,game,games_1000
3546080,MALMIJAL,"20 Mar, 2025",6600.0,"Animation & Modeling, Education, Software Training, Utilities",game,games_1000
2403550,Where is My Son?,Coming soon,,"Adventure, Indie, RPG",game,games_1000
524120,Raptor Valley,"9 Sep, 2016",2300.0,"Action, Adventure, Indie, Simulation",game,games_1000
1059250,The Misadventure Of Melon - Party Mode,"25 Oct, 2019",,"Action, Adventure, Indie",dlc,games_1000
1694500,The Craft of the Samurai,"25 Aug, 2021",,"Casual, Indie",game,games_1000
3232400,Novi Blaster,"25 Oct, 2024",2600.0,"Action, Casual, Indie, RPG",game,games_1000
335170,Potatoman OST & Supporter Pack,"3 Dec, 2014",1300.0,Indie,music,games_1000
3305240,Kill Neon Demo,Coming soon,,,demo,games_1000
3031080,Burning Sky,"17 Jul, 2024",,"Action, Adventure, Free To Play",game,games_1000
2174750,Get Your Tentacles Off My Waifu!,To be announced,,"Action, Indie, Early Access",game,games_1000
2372340,THREEDAYS,Coming soon,,"Action, Adventure, Indie",game,games_1000
845460,Make Route,"5 Oct, 2018",600.0,"Casual, Indie, Strategy",game,games_1000
1199910,S.W.A.N.: Chernobyl Unexplored,"26 Apr, 2021",7600.0,"Action, Adventure, Indie",game,games_1000
2452007,Deltazone - Legacy Pack,To be announced,,"Action, Free To Play",dlc,games_1000
3625660,A Few Days With : Zoey,"17 Apr, 2025",,"Casual, Indie, Free To Play",game,games_1000
2137690,Natives,To be announced,,"Action, Adventure, Indie, Simulation",game,games_1000
914130,ICE AGENT,"9 Oct, 2018",700.0,"Indie, Simulation, Early Access",game,games_1000
3422670,FlowerBots Demo,"1 Feb, 2025",,"Casual, Indie, Simulation",demo,games_1000
814590,Caveman Stories,"23 Nov, 2018",3300.0,"Action, Adventure, Strategy",game,games_1000
1070701,SENRAN KAGURA Reflexions - Hairstyle Set,"24 Jun, 2019",2300.0,"Adventure, Simulation",dlc,games_1000
3578340,Space Cowboy and the Robot Scourge,To be announced,,"Action, RPG",game,games_1000
319830,AX:EL - Air XenoDawn,"4 Dec, 2015",,"Action, Indie, Simulation",game,games_1000
1703843,Tiger Fighter 1931 Tora!Tora! MP034,"1 Sep, 2021",2000.0,"Action, Casual, Indie",dlc,games_1000
240,Counter-Strike: Source,"1 Nov, 2004",6600.0,Action,game,games_1000
2151530,YOU ARE THE DINNER,"13 Jan, 2023",2000.0,"Action, Casual, Indie, RPG",game,games_1000
2629860,PopTag,To be announced,,"Action, Casual, Indie",game,games_1000
1872160,EPIC KNIGHT,"25 Jan, 2022",700.0,Adventure,game,games_1000
1060140,Stellar Sphere Demo,"4 Apr, 2019",,"Action, Indie, Sports",demo,games_1000
802780,Ball Platformer,"12 Mar, 2018",1200.0,"Adventure, Casual, Indie",game,games_1000
3881810,Goblin Chief,To be announced,,"Action, Indie, RPG",game,games_1000
2426540,The Paper Arcade - Snake,Coming soon,,"Action, Casual, Indie, Sports, Strategy",dlc,games_1000
595920,Death Point,"31 Aug, 2017",3500.0,"Nudity, Violent, Action, Adventure, Indie",game,games_1000
1556715,Capcom Arcade StadiumÔºöMEGA TWINS,"24 May, 2021",1500.0,Action,dlc,games_1000
3868660,FUMES Soundtrack Disc A,"28 Jul, 2025",2929.0,,music,games_1000
700990,Gunship Battle2 VR: Steam Edition,"14 Nov, 2017",5900.0,"Action, Simulation",game,games_1000
1158230,Hunter's Soul,"13 Dec, 2019",2800.0,"Action, RPG",game,games_1000
2844050,RPG Maker MV - Plue's Cute Fantasy Worlds - Magic Days & Scary Nights,"7 Mar, 2024",7800.0,"RPG, Design & Illustration, Education, Web Publishing, Game Development",dlc,games_1000
2588240,Thunder Jumper,"6 Sep, 2024",4600.0,"Action, Indie",game,games_1000
3427090,Refence,"4 Mar, 2025",3900.0,"Casual, Indie, Simulation, Strategy",game,games_1000
2600960,HoverGrease 2,2025,,"Action, Adventure, Casual, Indie",game,games_1000
1705011,Tiger Soldier ‚Ö† MP022,"24 Aug, 2021",2000.0,"Action, Casual, Indie",dlc,games_1000
1871780,Rorys Restaurant Origins,"26 Jan, 2022",1560.0,"Casual, Strategy",game,games_1000
2432650,Fantasy Grounds - Pathfinder 2 RPG - Pathfinder Society Scenario #4-13: Within the Prairies,"24 May, 2023",3900.0,"Indie, RPG, Strategy",dlc,games_1000
2394360,You've been banished. - Additional Adult Story & Graphics DLC,"8 Sep, 2023",,RPG,dlc,games_1000
2060210,Aokana - Four Rhythms Across the Blue Piano Album #2,"12 Apr, 2023",7200.0,,music,games_1000
2710230,duplicity loop Demo,"24 Dec, 2023",,,demo,games_1000
3324230,Critter Gang,"5 Dec, 2024",,"Action, Casual, Indie, Free To Play",game,games_1000
3689850,Final War: Frozen Defense,"28 May, 2025",,"Casual, Simulation, Strategy, Free To Play",game,games_1000
3397590,Aeschylus: Death,April 2026,,"Action, Adventure, Indie",game,games_1000
1940840,Lich Queen's Curse,To be announced,,"Adventure, RPG",game,games_1000
1903220,Paint To Pixel,"1 Mar, 2022",4500.0,Casual,game,games_1000
561820,VR Photo Viewer Demo,"22 Dec, 2016",,Utilities,demo,games_1000
3725580,Novice in the world - Advanced Gift Pack,"7 Aug, 2025",1300.0,"Adventure, Casual, Indie, RPG, Simulation, Strategy, Free To Play",dlc,games_1000
2705390,One Military Camp - Christmas Season,"21 Dec, 2023",,"Indie, Simulation, Strategy",dlc,games_1000
908710,NightKnight,"28 Aug, 2018",2800.0,"Action, Adventure, Casual, Indie, Early Access",game,games_1000
1896970,Space Mechanic Simulator: Prologue Playtest,"9 Jan, 2023",,,game,games_1000
3682740,NINA: The Wedding of Shadows,Coming soon,,"Action, Casual, Indie, Early Access",game,games_1000
2933380,Pirates of Planet B,"21 Nov, 2024",6600.0,"Adventure, Casual, Simulation",game,games_1000
2714210,Pocket Pusher,"30 Apr, 2024",,"Casual, Indie, Simulation",game,games_1000
1801882,Vampire: The Masquerade - Swansong Artifacts Pack,"30 May, 2023",3300.0,"Adventure, RPG",dlc,games_1000
1754190,Fantasy Grounds - 13th Age Bestiary 2,"21 Sep, 2021",7600.0,"Indie, RPG, Strategy",dlc,games_1000
3946840,Stranger Tavern - Brawl Playtest,"14 Aug, 2025",,,game,games_1000
2420800,Sol Mates,To be announced,,Casual,game,games_1000
1873470,V-Skin redpillgo support Pack,"26 Dec, 2022",9500.0,"Audio Production, Software Training, Video Production, Web Publishing, Game Development",dlc,games_1000
1404930,Snowman Saves Christmas,"30 Nov, 2020",760.0,"Action, Indie",game,games_1000
3227240,MineGeon: Renegades,To be announced,,"Action, Adventure, Indie, RPG",game,games_1000
1658001,Surviving Mars: Future Contemporary Cosmetic Pack,"28 Apr, 2022",3800.0,"Simulation, Strategy",dlc,games_1000
3459030,DREADCORE : Locked Unit,Q4 2025,,"Adventure, Indie, Simulation",game,games_1000
2261150,Elven City Simulator,"18 Oct, 2024",7200.0,"Indie, Simulation, Strategy, Early Access",game,games_1000
3366590,Crestfall,"12 Mar, 2025",,"Strategy, Free To Play",game,games_1000
2298990,Web Crawlies {Multiplayer},"10 Feb, 2023",700.0,Indie,game,games_1000
1939314,Cool Kid Cody - Season 1 Episode 06,"13 May, 2022",1300.0,"Adventure, Indie, RPG",dlc,games_1000
2828100,Trail of Singularity,To be announced,,"Action, RPG",game,games_1000
2488153,Sun Haven: Free Snaccoon Costume,"27 Jun, 2023",,"Adventure, Casual, Indie, RPG, Simulation",dlc,games_1000
1040920,Epic World Demo,"18 Oct, 2019",,"Action, Adventure, Casual, Indie",demo,games_1000
1431030,DCS: A-10C II Tank Killer Upgrade,"30 Sep, 2020",15639.0,Simulation,dlc,games_1000
2545340,Witches' Hallow,"20 Oct, 2023",2600.0,"Action, Casual, Indie, Early Access",game,games_1000
2002740,King Arthur's Petaldust Saga,Coming soon,,"Action, Adventure, Casual, Indie",game,games_1000
1256540,Nonogram Animal Griddlers Demo,"25 Feb, 2020",,"Casual, Indie",demo,games_1000
1254390,Toxastra,"19 Dec, 2021",3500.0,"Action, Indie",game,games_1000
3694370,My Cozy Room Demo,"12 May, 2025",,"Casual, Indie, Simulation",demo,games_1000
2125050,Out of the Cube,"21 Oct, 2022",1300.0,"Casual, Indie",game,games_1000
1948390,Piero's Pilgrimage,"21 Jul, 2023",4541.0,Indie,game,games_1000
2569990,Naheulbeuk's Dungeon Master Playtest,"30 Aug, 2023",,,game,games_1000
3836540,Century of Anticipation: Pesca,"11 Jul, 2025",3300.0,"Adventure, Indie, Free To Play",dlc,games_1000
2557660,Jack Dragon and the Stone of Peace,"18 Oct, 2023",3300.0,"Action, Indie",game,games_1000
1920810,Calmie Dots,"16 May, 2022",700.0,"Casual, Indie",game,games_1000
3711700,ESCAPE,"31 May, 2025",1349.0,"Indie, RPG, Strategy",game,games_1000
637713,Rocksmith¬Æ 2014 Edition ‚Äì Remastered - The Gaslight Anthem - ‚Äú45‚Äù,"8 Aug, 2017",2300.0,"Casual, Simulation",dlc,games_1000
1745880,Glob Dash,"27 Sep, 2021",1200.0,Action,game,games_1000
2161120,Slime Ranger Sokoban,"15 Nov, 2022",1300.0,Casual,game,games_1000
3810180,Mortal Advocate: Magical Textbook & Artbook DLC,"11 Jun, 2025",700.0,Indie,dlc,games_1000
1340990,Rise of the Ronin,"10 Mar, 2025",39900.0,"Action, Adventure, RPG",game,games_1000
352200,FSX: Steam Edition - McClellan-Palomar Airport (KCRQ) Add-On,"21 Jul, 2015",10900.0,Simulation,dlc,games_1000
3945780,Football Academy Manager Demo,"2 Sep, 2025",,"Indie, Simulation, Sports",demo,games_1000
1075140,Super Friends Party,"14 Jun, 2019",,"Free To Play, Early Access",game,games_1000
605100,Renzo Racer,"28 Aug, 2019",3900.0,"Action, Indie, Racing",game,games_1000
2859340,Project Nightmares Multiplayer Playtest,"19 Jun, 2024",,,game,games_1000
3892100,Classroom Reverie,Coming soon,,"Action, Adventure, Casual, Indie, Strategy",game,games_1000
3562800,Shroud of Gloom Playtest,"3 Mar, 2025",,,game,games_1000
2468060,Breaking Survivors,"30 Nov, 2023",2600.0,"Action, Casual",game,games_1000
1735140,Pushy Worm,Coming soon,,"Casual, Indie, Strategy",game,games_1000
2589180,Geometric Link,Coming soon,,"Action, Casual, Indie, Strategy, Early Access",game,games_1000
2085970,Cracking the Cryptic,"1 Aug, 2022",,"Casual, Indie, Strategy",game,games_1000
2903490,Desert Of The Undead New Frontiers,"19 Apr, 2024",1300.0,Action,game,games_1000
3091030,Robot's Fate: Alice,2025,,"Adventure, Casual, Indie, RPG, Simulation",game,games_1000
698160,DinosaurIsland,"3 Sep, 2017",3000.0,"Violent, Action, Adventure, Indie",game,games_1000
2891310,Genome Guardian,"7 May, 2024",7799.0,"Action, Casual, Indie, RPG",game,games_1000
2221281,theBlu - Reef Migration,"28 Dec, 2022",1300.0,"Adventure, Indie, Simulation",dlc,games_1000
2464530,VOIN,"10 Dec, 2024",12500.0,"Action, Adventure, Indie, RPG, Early Access",game,games_1000
2254020,Take Care VR,"5 Jan, 2023",3300.0,"Action, Adventure, Indie",game,games_1000
2497950,TERCIOS - Honor and glory,To be announced,,"Strategy, Early Access",game,games_1000
272690,Blast Em! Source Code,"22 Jan, 2014",,"Action, Indie",dlc,games_1000
2918570,RISKY CHRONICLES and the curse of destiny,"26 Apr, 2024",6600.0,"Action, Adventure, Casual, Indie",game,games_1000
3092000,Treasure Protector,"8 Aug, 2024",2999.0,"Strategy, Early Access",game,games_1000
1857601,Doom & Destiny Worlds - Classic,"18 Nov, 2022",,"Indie, RPG",dlc,games_1000
3738450,Dash Dot Die,To be announced,,"Action, Adventure, Casual, Indie",game,games_1000
3491380,God's Disdain Demo,"2 Feb, 2025",,,demo,games_1000
3585200,Rescue Heli RH407 Demo,"4 Apr, 2025",,"Casual, Indie, Racing, Simulation",demo,games_1000
370330,Welcome To The Untitled Game,Coming soon,,"Action, Casual, Indie, Massively Multiplayer, Simulation",game,games_1000
2143020,Miszou,To be announced,,"Casual, Indie, Sports",game,games_1000
1098480,Fruit Factory,"24 Sep, 2020",4500.0,"Casual, Simulation, Strategy",game,games_1000
3487290,Little Green Girl BGM Collection,"11 Feb, 2025",,Free To Play,music,games_1000
2507550,Oleksandr Lytvynenko Demo,"14 Oct, 2023",,,demo,games_1000
937440,Fantasy Grounds - Alone Against the Dark (Call of Cthulhu 7E),"12 Sep, 2018",3800.0,"Indie, RPG, Strategy",dlc,games_1000
1513290,Grey Skies: A War of the Worlds Story Demo,"23 Jan, 2021",,,demo,games_1000
958050,1001st Hyper Tower,"7 Nov, 2019",6200.0,"Action, Indie",game,games_1000
956550,Devil Girl Needs Massages,"29 Oct, 2018",600.0,"Casual, Indie",game,games_1000
2994250,Beer Runner,"10 Apr, 2025",1650.0,"Action, Adventure, Casual, Indie",game,games_1000
323950,Ethan: Meteor Hunter,"7 Feb, 2014",6600.0,"Action, Indie",game,games_1000
1172800,Perfect Tides,"21 Feb, 2022",7600.0,Adventure,game,games_1000
1774440,Gedel Escape Demo,"28 Sep, 2021",,,demo,games_1000
2070920,CODE:MACHINA,To be announced,,Action,game,games_1000
3161760,CHEATING?   ABSOLUTELY NOTÔºÅ,To be announced,,Simulation,game,games_1000
1705060,Tiger Soldier ‚Ö† MP051,"9 Sep, 2021",2000.0,"Action, Casual, Indie",dlc,games_1000
3762770,Find Meow in Wild West,"11 Jun, 2025",449.0,"Casual, Indie",game,games_1000
3741910,Narb Fortunii,"12 Jun, 2025",,"Adventure, Free To Play",game,games_1000
1167770,More Dark,"7 Nov, 2019",5800.0,"Adventure, Indie",game,games_1000
2336820,Oni Academy,Coming soon,,"Action, Adventure, Indie, Early Access",game,games_1000
3269910,ÂãáËÄÖÊùëÂ∫Ñ Playtest,"6 Oct, 2024",,,game,games_1000
3878250,Epileptic Spectrum Demo,"11 Aug, 2025",,,demo,games_1000
2956550,Loco Limbo,Coming soon,,"Action, Adventure, Indie",game,games_1000
681920,Slingshot Cowboy VR,"28 Jul, 2017",1800.0,"Action, Simulation",game,games_1000
3630120,Nexistoreum,"17 Apr, 2025",,"RPG, Simulation, Free To Play",game,games_1000
1868090,Village of Zombies - Abandoned City,"4 Mar, 2022",2000.0,"Action, Adventure, Indie",dlc,games_1000
779933,DRAGON BALL FighterZ - Broly,"28 Mar, 2018",3900.0,Action,dlc,games_1000
3748430,X-WAR Demo,Coming soon,,,demo,games_1000
1342490,Daemon X Machina: Titanic Scion,"5 Sep, 2025",42800.0,Action,game,games_1000
740143,DRAGON BALL XENOVERSE 2 - Extra DLC Pack 4,"18 Dec, 2018",6400.0,"Action, Adventure, Casual, Massively Multiplayer",dlc,games_1000
1787160,Cupid Nonogram,"19 Nov, 2021",1800.0,"Casual, Indie",game,games_1000
2785180,Rain Runner,"29 Feb, 2024",3300.0,"Action, Casual, Indie, Racing",game,games_1000
3234940,Wonderland: Red Queen Protocol,To be announced,,"Casual, RPG, Early Access",game,games_1000
3204540,Town Keeper Demo,"15 Sep, 2024",,,demo,games_1000
3246530,GeneGo,Coming soon,,"Casual, Indie",game,games_1000
1135970,The Surge 2 - Public Enemy Weapon Pack,"12 Nov, 2019",1340.0,"Action, RPG",dlc,games_1000
3344160,HIDDEN CATS 2: Crafts,"11 Dec, 2024",700.0,"Casual, Indie",game,games_1000
2408670,April '86,2025,,"Action, Adventure, Indie",game,games_1000
2302200,Gravity Demo,"30 Jan, 2023",,,demo,games_1000
3411730,Desktop Fishing,"16 Jun, 2025",2300.0,"Casual, Indie",game,games_1000
779960,BM Studio,"3 May, 2018",1200.0,"Indie, Simulation, Audio Production, Education, Software Training, Utilities, Game Development, Early Access",game,games_1000
597840,Live Wallpaper Master,"7 Dec, 2017",2300.0,"Animation & Modeling, Design & Illustration, Photo Editing, Utilities",game,games_1000
558340,Faces of Illusion: The Twin Phantoms,"19 Jan, 2017",9500.0,"Adventure, Casual",game,games_1000
1703851,Tiger Fighter 1931 Tora!Tora! MP042,"9 Sep, 2021",2000.0,"Action, Casual, Indie",dlc,games_1000
325420,Homebrew - Patent Unknown,"14 Nov, 2014",9500.0,"Action, Adventure, Indie, Racing, Simulation, Sports, Early Access",game,games_1000
2620390,Paper Bride 5: Two Lifetimes - Original Soundtrack,"30 Nov, 2023",,"Adventure, Casual, Indie, RPG",dlc,games_1000
981040,Comit in Krater Returns,"8 Jan, 2019",700.0,"Action, Indie",game,games_1000
2873490,BETRAYED,Coming soon,,"Action, Casual, Indie, Strategy",game,games_1000
518943,Kikoriki: It  Can't Be true,"22 Sep, 2016",,,episode,games_1000
1024400,Marenian Tavern Story: Patty and the Hungry God,"21 May, 2019",14000.0,"Adventure, Casual, RPG, Strategy",game,games_1000
401650,PAYDAY 2: Gage Chivalry Pack,"10 Sep, 2015",1300.0,"Action, RPG",dlc,games_1000
3688180,The Long Tale Demo,"5 May, 2025",,,demo,games_1000
4005530,Hellbrella Soundtrack,"18 Sep, 2025",,,music,games_1000
1668530,The Legend of Nayuta: Boundless Trails,"10 Dec, 2021",26800.0,"Action, RPG",game,games_1000
2427130,The Girl Who Kicked a Rabbit,"28 Feb, 2025",9500.0,"Casual, Indie, RPG, Strategy",game,games_1000
3324870,Enlisted - M26 T99 Squad,"16 Dec, 2024",29900.0,"Action, Massively Multiplayer, Free To Play",dlc,games_1000
3438100,Lustful Fingers,"22 Aug, 2025",6600.0,"Indie, RPG, Simulation",game,games_1000
887920,Maestro: Music from the Void Collector's Edition,"11 Jul, 2018",5200.0,"Adventure, Casual",game,games_1000
2482920,Flower in Us,"25 Jul, 2025",5200.0,"Adventure, Indie",game,games_1000
2404840,Tales from Candleforth Playtest,"6 Oct, 2023",,,game,games_1000
1605430,Roots of Tomorrow,"11 May, 2022",,"Indie, Simulation, Strategy",game,games_1000
2577100,(18+)Tentacles Party With Nuns ASMR- After the story(Betsy),Q4 2025,,"Adventure, Casual, RPG",dlc,games_1000
2859700,FIREWALL: Cyber Defense Demo,"26 Apr, 2024",,,demo,games_1000
2283350,Reborn A Zombie!,"7 Aug, 2023",,Casual,game,games_1000
3447520,Basureroes: Invasion Soundtrack,"30 Jan, 2025",3900.0,,music,games_1000
913250,Mimic,"24 Aug, 2018",600.0,Indie,game,games_1000
3863940,Man Simulator 2025,Coming soon,,"Casual, Indie, Simulation",game,games_1000
1860080,PathlessWoods Playtest,"27 Jul, 2023",,,game,games_1000
730,,,,,,top100
570,,,,,,top100
578080,,,,,,top100
431960,,,,,,top100
1030300,,,,,,top100
553850,,,,,,top100
1172470,,,,,,top100
2694490,,,,,,top100
2507950,,,,,,top100
2767030,,,,,,top100
367520,,,,,,top100
236390,,,,,,top100
359550,,,,,,top100
1203220,,,,,,top100
413150,,,,,,top100
381210,,,,,,top100
275850,,,,,,top100
3527290,,,,,,top100
271590,,,,,,top100
252490,,,,,,top100
1938090,,,,,,top100
440,,,,,,top100
1086940,,,,,,top100
230410,,,,,,top100
3240220,,,,,,top100
2669320,,,,,,top100
2357570,,,,,,top100
1973530,,,,,,top100
105600,,,,,,top100
227300,,,,,,top100
1422450,,,,,,top100
322170,,,,,,top100
1174180,,,,,,top100
438100,,,,,,top100
1091500,,,,,,top100
550,,,,,,top100
3419430,,,,,,top100
1517290,,,,,,top100
250900,,,,,,top100
394360,,,,,,top100
3241660,,,,,,top100
322330,,,,,,top100
1449850,,,,,,top100
284160,,,,,,top100
1085660,,,,,,top100
2584990,,,,,,top100
2622380,,,,,,top100
252950,,,,,,top100
3224770,,,,,,top100
1222670,,,,,,top100
2073850,,,,,,top100
1245620,,,,,,top100
1366800,,,,,,top100
3164500,,,,,,top100
1364780,,,,,,top100
2183900,,,,,,top100
2252570,,,,,,top100
289070,,,,,,top100
1281930,,,,,,top100
251570,,,,,,top100
1665460,,,,,,top100
4000,,,,,,top100
221100,,,,,,top100
892970,,,,,,top100
291550,,,,,,top100
1142710,,,,,,top100
244210,,,,,,top100
646570,,,,,,top100
739630,,,,,,top100
2358720,,,,,,top100
294100,,,,,,top100
714010,,,,,,top100
3513350,,,,,,top100
2379780,,,,,,top100
108600,,,,,,top100
1771300,,,,,,top100
489830,,,,,,top100
1905180,,,,,,top100
2300320,,,,,,top100
1551360,,,,,,top100
1623730,,,,,,top100
1158310,,,,,,top100
2878980,,,,,,top100
1329410,,,,,,top100
960090,,,,,,top100
945360,,,,,,top100
2139460,,,,,,top100
629520,,,,,,top100
261550,,,,,,top100
2642680,,,,,,top100
2246340,,,,,,top100
813780,,,,,,top100
1407200,,,,,,top100
3472040,,,,,,top100
1144200,,,,,,top100
1172710,,,,,,top100
526870,,,,,,top100
552990,,,,,,top100
594650,,,,,,top100
2072560,,,,,,top100
